[
  {
    "Клиент": " Алло."
  },
  {
    "Менеджер": " Ксения, добрый день, вас беспокоит магазин Ice Case Звоню сказать, что ваш заказ готов к выдаче Можете подходить"
  },
  {
    "Клиент": " Да, все хорошо, скоро буду, спасибо."
  },
  {
    "Менеджер": " До"
  },
  {
    "Клиент": " До"
  },
  {
    "Менеджер": " свидания"
  },
  {
    "Клиент": " свидания."
  }
]