[
    {
        "start":0.0,
        "end":13.98,
        "text":" Руслан ваш сказал что можно с вами пообщаться насчет наличия айфонов",
        "channel":"Клиент"
    },
    {
        "start":13.98,
        "end":20.62,
        "text":" например который уже ну секунд есть такое да",
        "channel":"Клиент"
    },
    {
        "start":22.04,
        "end":26.06,
        "text":" самое чем быть доступным не для матери чтобы",
        "channel":"Клиент"
    },
    {
        "start":26.06,
        "end":32.14,
        "text":" понятно было что там происходит эти android уже не заебали по-русски гора",
        "channel":"Клиент"
    },
    {
        "start":41.2,
        "end":46.12,
        "text":" я как бы сам сайфон я понимаю просто наличие что-то вам же в трейдинг дают",
        "channel":"Клиент"
    },
    {
        "start":46.12,
        "end":49.92,
        "text":" может быть от вас есть старичка секунд",
        "channel":"Клиент"
    },
    {
        "start":56.06,
        "end":64.84,
        "text":" смотри да ну до тридцатки хорошо бы сказать сама будет маленькая память там",
        "channel":"Клиент"
    },
    {
        "start":64.84,
        "end":71.2,
        "text":" туда-сюда ну чтобы был просто не заколхоженный верой-правдой служил",
        "channel":"Клиент"
    },
    {
        "start":71.2,
        "end":76.0,
        "text":" царапинки ушла дам туда-сюда чтобы он был честный с маленькой памятью дешевле",
        "channel":"Клиент"
    },
    {
        "start":76.0,
        "end":82.2,
        "text":" а то один android кукла другой все висит туда-сюда",
        "channel":"Клиент"
    },
    {
        "start":86.06,
        "end":89.96,
        "text":" нужно",
        "channel":"Клиент"
    },
    {
        "start":101.2,
        "end":103.2,
        "text":" он",
        "channel":"Клиент"
    },
    {
        "start":105.16,
        "end":107.24,
        "text":" у",
        "channel":"Клиент"
    },
    {
        "start":107.24,
        "end":110.08,
        "text":" социалистов",
        "channel":"Клиент"
    },
    {
        "start":116.06,
        "end":132.8,
        "text":" почему рассматриваем значит но из не обновлять старые версии приложения будут не актуальны активно что",
        "channel":"Клиент"
    },
    {
        "start":146.06,
        "end":175.52,
        "text":" даже 12 12 на георгия вода георгия понял спасибо дорогой за информацию сейчас самарск",
        "channel":"Клиент"
    },
    {
        "start":175.52,
        "end":176.04,
        "text":" командировки",
        "channel":"Клиент"
    },
    {
        "start":176.06,
        "end":183.74,
        "text":" подкачаю за что заберу тогда не секут наличие а резерв как там но планирую планирую планирую",
        "channel":"Клиент"
    },
    {
        "start":183.74,
        "end":194.6,
        "text":" человек пятница давайте забронируем предоплату оставить когда мой номер и напишите симеон",
        "channel":"Клиент"
    },
    {
        "start":194.6,
        "end":204.56,
        "text":" по моему номеру можно пару фотографий скинуть там в telegram",
        "channel":"Клиент"
    },
    {
        "start":204.56,
        "end":205.52,
        "text":" по моему номеру можно пару фотографий скинуть там в telegram и ватсап",
        "channel":"Клиент"
    },
    {
        "start":205.52,
        "end":218.02,
        "text":" все спасибо что дорогой хороший продаж давайте до свидания спасибо",
        "channel":"Клиент"
    }
]