[
    {
        "start":0.0,
        "end":4.38,
        "text":" Добрый вечер, магазина есть, меня зовут Игнат, смогу помочь?",
        "channel":"Менеджер"
    },
    {
        "start":20.34,
        "end":22.18,
        "text":" Ну, какой вас интересует, уточните, пожалуйста.",
        "channel":"Менеджер"
    },
    {
        "start":30.0,
        "end":36.66,
        "text":" Понял вас, понял. Тогда рекомендую рассмотреть 11-12, но просто проблема в том, что их в наличии нет.",
        "channel":"Менеджер"
    },
    {
        "start":36.76,
        "end":41.0,
        "text":" Это бюджетное, но отличное устройство, как раз там для родителей, для бабушки, дедушки.",
        "channel":"Менеджер"
    },
    {
        "start":48.18,
        "end":51.64,
        "text":" А, если рассматривать устройство, сейчас, секунду.",
        "channel":"Менеджер"
    },
    {
        "start":53.88,
        "end":56.06,
        "text":" Подскажите, на какой бюджет ориентируемся?",
        "channel":"Менеджер"
    },
    {
        "start":57.56,
        "end":58.72,
        "text":" До какой суммы?",
        "channel":"Менеджер"
    },
    {
        "start":60.0,
        "end":62.0,
        "text":" До какой суммы?",
        "channel":"Менеджер"
    },
    {
        "start":80.18,
        "end":81.54,
        "text":" Понял вас, понял.",
        "channel":"Менеджер"
    },
    {
        "start":81.54,
        "end":87.54,
        "text":" Сейчас есть 12-й на 64-й зеленый, хорошее состояние корпуса, отличное состояние дисплея.",
        "channel":"Менеджер"
    },
    {
        "start":88.54,
        "end":89.54,
        "text":" Коробка кабель в комплекте.",
        "channel":"Менеджер"
    },
    {
        "start":90.0,
        "end":98.0,
        "text":" Состояние аккумулятора 80%, не разбирался, не вскрывался, т.е. все родное, все работает и все оригинальное.",
        "channel":"Менеджер"
    },
    {
        "start":99.0,
        "end":104.0,
        "text":" Вот, в наличии он на Георгия Димитрова 104, цена его 24 500.",
        "channel":"Менеджер"
    },
    {
        "start":107.0,
        "end":110.0,
        "text":" Так, сейчас, сейчас, ну, сейчас еще посмотрим варианты.",
        "channel":"Менеджер"
    },
    {
        "start":112.0,
        "end":118.0,
        "text":" Так, ну, 10-й, XR, это не рассматриваем эти модели, уже не актуально, они...",
        "channel":"Менеджер"
    },
    {
        "start":118.0,
        "end":119.0,
        "text":" Оно...",
        "channel":"Менеджер"
    },
    {
        "start":120.0,
        "end":122.0,
        "text":" Но через год обновление.",
        "channel":"Менеджер"
    },
    {
        "start":123.0,
        "end":127.0,
        "text":" Сейчас выйдет 16-й iPhone, и, скорее всего, приложения будут недоступны.",
        "channel":"Менеджер"
    },
    {
        "start":127.0,
        "end":129.0,
        "text":" WhatsApp первый, кто покинет.",
        "channel":"Менеджер"
    },
    {
        "start":133.0,
        "end":136.0,
        "text":" А, скорее всего, нет, вы будете заходить, он будет просить обновить его.",
        "channel":"Менеджер"
    },
    {
        "start":138.0,
        "end":142.0,
        "text":" А зайдете в обновление, будет написано, установлено последнее актуальное обновление.",
        "channel":"Менеджер"
    },
    {
        "start":142.0,
        "end":145.0,
        "text":" Поэтому, если уж, то хотя бы 11-й.",
        "channel":"Менеджер"
    },
    {
        "start":145.0,
        "end":149.0,
        "text":" Есть 11-й на, так, на 128 зеленый.",
        "channel":"Менеджер"
    },
    {
        "start":150.0,
        "end":157.0,
        "text":" Также, хорошее состояние корпуса, отличное состояние дисплея, в комплекте коробка, но аккумулятор 73.",
        "channel":"Менеджер"
    },
    {
        "start":157.0,
        "end":162.0,
        "text":" На Мичурин 120 в наличии, по стоимости он 22 000 рублей.",
        "channel":"Менеджер"
    },
    {
        "start":163.0,
        "end":166.0,
        "text":" Но, если уж так выбирать, то я бы лучше взял 12-й.",
        "channel":"Менеджер"
    },
    {
        "start":167.0,
        "end":169.0,
        "text":" Да, переплата такая большая.",
        "channel":"Менеджер"
    },
    {
        "start":170.0,
        "end":171.0,
        "text":" Да, да.",
        "channel":"Менеджер"
    },
    {
        "start":171.0,
        "end":181.0,
        "text":" А когда планируете приезжать?",
        "channel":"Менеджер"
    },
    {
        "start":184.0,
        "end":186.0,
        "text":" Просто могу забронировать?",
        "channel":"Менеджер"
    },
    {
        "start":188.0,
        "end":189.0,
        "text":" Да.",
        "channel":"Менеджер"
    },
    {
        "start":189.0,
        "end":191.0,
        "text":" Нет, предоплата не требуется.",
        "channel":"Менеджер"
    },
    {
        "start":196.0,
        "end":197.0,
        "text":" Все, хорошо.",
        "channel":"Менеджер"
    },
    {
        "start":197.0,
        "end":200.0,
        "text":" Если что, можем переместить его в любой удобный магазин.",
        "channel":"Менеджер"
    },
    {
        "start":200.0,
        "end":203.0,
        "text":" Как раз, пока будете ехать, чтобы вам быстро...",
        "channel":"Менеджер"
    },
    {
        "start":205.0,
        "end":211.0,
        "text":" А вы зайдите на наш сайт, в раздел Trade-In, и там он будет.",
        "channel":"Менеджер"
    },
    {
        "start":211.0,
        "end":213.0,
        "text":" И там как раз рельеф фотографии делали его.",
        "channel":"Менеджер"
    },
    {
        "start":213.0,
        "end":215.0,
        "text":" Можно посмотреть.",
        "channel":"Менеджер"
    },
    {
        "start":216.0,
        "end":217.0,
        "text":" Спасибо большое.",
        "channel":"Менеджер"
    },
    {
        "start":217.0,
        "end":218.0,
        "text":" До свидания.",
        "channel":"Менеджер"
    }
]