[
    {
        "start":0.0,
        "end":3.82,
        "text":" Ксения, добрый день, вас беспокоит магазин Ice Case",
        "channel":"Менеджер"
    },
    {
        "start":3.82,
        "end":6.06,
        "text":" Звоню сказать, что ваш заказ готов к выдаче",
        "channel":"Менеджер"
    },
    {
        "start":6.06,
        "end":7.0,
        "text":" Можете подходить",
        "channel":"Менеджер"
    },
    {
        "start":7.0,
        "end":10.24,
        "text":" До свидания",
        "channel":"Менеджер"
    }
]