[
    {
        "start":0.0,
        "end":10.08,
        "text":" Алло, Дмитрий, здравствуйте. Подскажите, пожалуйста, я не знаю, вчера с вами общалась, или нет, звонила по поводу 15-го.",
        "channel":"Клиент"
    },
    {
        "start":17.08,
        "end":18.16,
        "text":" Сейчас слышно?",
        "channel":"Клиент"
    },
    {
        "start":18.16,
        "end":46.72,
        "text":" Ну, вот, да. Так, смотрите, там не два, а один. Вот, и нас интересовался на. Так, так, смотрите, а вчера я не с вами, да, разговаривала?",
        "channel":"Клиент"
    },
    {
        "start":48.16,
        "end":75.14,
        "text":" Ага, вот, ага, ага, ага, да, вот он мне вчера сказал, вообще он мне вчера сказал, что их нет в наличии, во-первых, что их нужно будет подождать, и во-вторых, что вот сегодня мне скажут окончательную цену, какого-то, ага,",
        "channel":"Клиент"
    },
    {
        "start":76.14,
        "end":78.14,
        "text":" что 18 900, так, а где они?",
        "channel":"Клиент"
    },
    {
        "start":78.16,
        "end":79.08,
        "text":" Есть в наличии.",
        "channel":"Клиент"
    },
    {
        "start":83.44,
        "end":87.08,
        "text":" Так, а в других филиалах их нет.",
        "channel":"Клиент"
    },
    {
        "start":92.24,
        "end":99.04,
        "text":" Понятно. Вообще, я вам говорила, что нам не два надо, нам нужен один какой-то из этих двух цветов, есть в наличии.",
        "channel":"Клиент"
    },
    {
        "start":100.3,
        "end":102.84,
        "text":" Ну, да, да, да, в общем, они оба получаются.",
        "channel":"Клиент"
    },
    {
        "start":104.84,
        "end":107.84,
        "text":" 18 500. Так, давайте мы сейчас обсудим.",
        "channel":"Клиент"
    },
    {
        "start":108.16,
        "end":112.4,
        "text":" Так, если что, мы можем просто подъехать, да.",
        "channel":"Клиент"
    },
    {
        "start":117.84,
        "end":120.94,
        "text":" Так, а подскажите, а там гарантия на них сколько идет у вас?",
        "channel":"Клиент"
    },
    {
        "start":125.06,
        "end":127.36,
        "text":" Оплата наличная. А если карты, какая цена?",
        "channel":"Клиент"
    },
    {
        "start":130.9,
        "end":133.16,
        "text":" Плюс 10%. Ну, да, все, я поняла.",
        "channel":"Клиент"
    },
    {
        "start":133.16,
        "end":137.4,
        "text":" Так, а подскажите, без налога вы ведь не работаете вообще, да, с составлением счета?",
        "channel":"Клиент"
    },
    {
        "start":138.16,
        "end":140.16,
        "text":" Да. Вообще. Угу.",
        "channel":"Клиент"
    },
    {
        "start":140.16,
        "end":144.16,
        "text":" Угу. Так, ну все, спасибо, мы обсудим.",
        "channel":"Клиент"
    },
    {
        "start":144.16,
        "end":146.16,
        "text":" Все, Иван, до свидания.",
        "channel":"Клиент"
    }
]