[
    {
        "start":0.32,
        "end":2.72,
        "text":" Добрый день, магазин IceCase, меня зовут Дмитрий, чем могу помочь?",
        "channel":"Менеджер"
    },
    {
        "start":13.36,
        "end":14.58,
        "text":" Алло, пропадаете.",
        "channel":"Менеджер"
    },
    {
        "start":16.96,
        "end":19.56,
        "text":" Да, у вас что-то свежее. Да, вроде слышно, да.",
        "channel":"Менеджер"
    },
    {
        "start":19.66,
        "end":21.5,
        "text":" У вас заказ есть на имя Дарья.",
        "channel":"Менеджер"
    },
    {
        "start":21.96,
        "end":25.94,
        "text":" 2 15-х про 512-х. Они забронированы на Карломарс 55.",
        "channel":"Менеджер"
    },
    {
        "start":30.0,
        "end":33.72,
        "text":" Ну, синий, а один белый.",
        "channel":"Менеджер"
    },
    {
        "start":38.76,
        "end":42.22,
        "text":" Цена 127 900 у вас написано.",
        "channel":"Менеджер"
    },
    {
        "start":44.58,
        "end":44.82,
        "text":" Сейчас.",
        "channel":"Менеджер"
    },
    {
        "start":47.26,
        "end":49.26,
        "text":" Ну, нет, скорее всего, с коллегой, он сегодня выходной.",
        "channel":"Менеджер"
    },
    {
        "start":49.42,
        "end":50.7,
        "text":" А у вас какой именно вопрос?",
        "channel":"Менеджер"
    },
    {
        "start":50.8,
        "end":52.96,
        "text":" Смотрите, по поводу вашего заказа.",
        "channel":"Менеджер"
    },
    {
        "start":53.52,
        "end":55.34,
        "text":" Сейчас цена откорректировалась.",
        "channel":"Менеджер"
    },
    {
        "start":55.34,
        "end":58.64,
        "text":" И на данный момент цена одного айфона стоит",
        "channel":"Менеджер"
    },
    {
        "start":58.64,
        "end":59.98,
        "text":" 118 900.",
        "channel":"Менеджер"
    },
    {
        "start":60.0,
        "end":60.3,
        "text":" 118 900.",
        "channel":"Менеджер"
    },
    {
        "start":73.02,
        "end":77.74,
        "text":" Да, так что у вас будет цена 118 900 за один айфон.",
        "channel":"Менеджер"
    },
    {
        "start":79.5,
        "end":82.34,
        "text":" Они у вас забронированы на Карломарс 55.",
        "channel":"Менеджер"
    },
    {
        "start":82.78,
        "end":83.82,
        "text":" Под ваш номер телефона.",
        "channel":"Менеджер"
    },
    {
        "start":87.48,
        "end":89.12,
        "text":" Нет, они только здесь лежат, да.",
        "channel":"Менеджер"
    },
    {
        "start":90.0,
        "end":100.12,
        "text":" Ну, наверное, скорее всего, из-за этого он забронировал,",
        "channel":"Менеджер"
    },
    {
        "start":100.18,
        "end":102.08,
        "text":" наверное, вам эти два цвета, чтобы вы выбрали.",
        "channel":"Менеджер"
    },
    {
        "start":103.32,
        "end":103.6,
        "text":" Да.",
        "channel":"Менеджер"
    },
    {
        "start":108.58,
        "end":109.06,
        "text":" Угу.",
        "channel":"Менеджер"
    },
    {
        "start":113.02,
        "end":115.78,
        "text":" Да, сказать номер телефона вам выдадут уже товар.",
        "channel":"Менеджер"
    },
    {
        "start":115.88,
        "end":116.94,
        "text":" Вы выберете одного из двух.",
        "channel":"Менеджер"
    },
    {
        "start":120.0,
        "end":122.62,
        "text":" Гарантия один год.",
        "channel":"Менеджер"
    },
    {
        "start":123.22,
        "end":124.44,
        "text":" И оплата наличным расчетом.",
        "channel":"Менеджер"
    },
    {
        "start":126.68,
        "end":126.92,
        "text":" Угу.",
        "channel":"Менеджер"
    },
    {
        "start":128.54,
        "end":130.3,
        "text":" По карте плюс 10%.",
        "channel":"Менеджер"
    },
    {
        "start":130.3,
        "end":132.84,
        "text":" Да.",
        "channel":"Менеджер"
    },
    {
        "start":133.5,
        "end":133.8,
        "text":" Угу.",
        "channel":"Менеджер"
    },
    {
        "start":137.02,
        "end":139.34,
        "text":" Вообще, да, с юрлицами не работаем.",
        "channel":"Менеджер"
    },
    {
        "start":141.86,
        "end":142.1,
        "text":" Угу.",
        "channel":"Менеджер"
    },
    {
        "start":143.78,
        "end":144.88,
        "text":" Хорошего дня, до свидания.",
        "channel":"Менеджер"
    },
    {
        "start":144.88,
        "end":144.92,
        "text":" До свидания.",
        "channel":"Менеджер"
    }
]