[
    {
        "start":0.0,
        "end":10.86,
        "text":" александр здравствуйте подскажите сколько у вас стоит заменить аккумулятор и разъем питания у 7 плюс",
        "channel":"Клиент"
    },
    {
        "start":30.0,
        "end":36.02,
        "text":" так а сколько времени это будет делаться",
        "channel":"Клиент"
    },
    {
        "start":36.02,
        "end":55.38,
        "text":" так а а в наличии эти запчасти есть да",
        "channel":"Клиент"
    },
    {
        "start":55.38,
        "end":59.7,
        "text":" хорошо спасибо всего доброго",
        "channel":"Клиент"
    },
    {
        "start":60.0,
        "end":62.34,
        "text":" до свидания",
        "channel":"Клиент"
    }
]