[
    {
        "start":0.0,
        "end":2.56,
        "text":" Добрый день, магазин Nayscase. Меня зовут Александр. Чем я могу помочь?",
        "channel":"Менеджер"
    },
    {
        "start":12.9,
        "end":18.46,
        "text":" Так, U7 Plus. Замена аккумулятора будет стоить 1550 рублей.",
        "channel":"Менеджер"
    },
    {
        "start":18.82,
        "end":25.16,
        "text":" А замена... Так, одну минуту. Замена разъема... Сейчас скажу.",
        "channel":"Менеджер"
    },
    {
        "start":25.16,
        "end":42.62,
        "text":" Ну, сама по себе процедура, допустим, замены аккумулятора занимает, ну, не больше часа.",
        "channel":"Менеджер"
    },
    {
        "start":42.82,
        "end":45.0,
        "text":" Нижний шлейф где-то еще часа два.",
        "channel":"Менеджер"
    },
    {
        "start":45.72,
        "end":48.28,
        "text":" Но тут еще все зависит от загруженности мастера непосредственно на точке.",
        "channel":"Менеджер"
    },
    {
        "start":49.1,
        "end":51.12,
        "text":" Сориентирует по времени уже прямо у вас в магазине.",
        "channel":"Менеджер"
    },
    {
        "start":55.16,
        "end":57.26,
        "text":" Да, в наличии запчасти есть.",
        "channel":"Менеджер"
    },
    {
        "start":59.88,
        "end":61.24,
        "text":" До свидания.",
        "channel":"Менеджер"
    },
    {
        "start":61.24,
        "end":91.22,
        "text":" До свидания.",
        "channel":"Менеджер"
    }
]