[{"Менеджер": " Добрый день, магазин IceCase, меня зовут Игнат, могу помочь?"}, {"Клиент": " Здравствуйте"}, {"Клиент": " Телефон сломался"}, {"Клиент": " Не пойму по какой причине"}, {"Клиент": " Поставил на зарядку в машине"}, {"Клиент": " И все"}, {"Клиент": " Подошел он уже"}, {"Менеджер": " А уточните, пожалуйста, какой телефон?"}, {"Клиент": " 13 Pro"}, {"Менеджер": " iPhone?"}, {"Менеджер": " Так, 13 Pro."}, {"Менеджер": " Приносите в магазин на диагностику."}, {"Менеджер": " Можно принести в магазин на 22-й портье, 194,"}, {"Клиент": " Куда подъехать"}, {"Менеджер": " Георгия Димитрова, 104,"}, {"Менеджер": " клиническая, 25,"}, {"Клиент": " Чтобы где меньше загруженности"}, {"Клиент": " Чтобы это"}, {"Менеджер": " Тут я..."}, {"Клиент": " По скорости посмотрели"}, {"Менеджер": " Да, я понял вас, но, к сожалению,"}, {"Менеджер": " не подскажу вам по загруженности мастеров."}, {"Менеджер": " Неизвестно мне,"}, {"Менеджер": " сколько у кого мастеров."}, {"Менеджер": " Приезжайте просто, которые вам ближе."}, {"Менеджер": " Кроме Мичурина, 120."}, {"Клиент": " Аккуратно"}, {"Клиент": " Аккуратно"}, {"Клиент": " Аккуратно"}, {"Менеджер": " А так во всех магазинах мастера на месте."}, {"Клиент": " Так"}, {"Менеджер": " Диагностику просто сможем сделать."}, {"Клиент": " Все я понял"}, {"Клиент": " Просто там бывает же у вас"}, {"Клиент": " Куда-то там собираются"}, {"Клиент": " И к мастерам в какой-то определенной местности"}, {"Менеджер": " Ну, да, я вам так скажу, что на Самарской сейчас самая высокая загруженность."}, {"Клиент": " Ага"}, {"Менеджер": " Это неоднократно ребята писали, но в остальных магазинах нормально."}, {"Клиент": " Так вот на"}, {"Клиент": " Калине"}, {"Клиент": " На Победы"}, {"Клиент": " Там по-моему новый магазин, да?"}, {"Клиент": " Всё"}, {"Менеджер": " Да, да, да, мастер на месте."}, {"Клиент": " Когда поехал туда"}, {"Клиент": " Спасибо"}, {"Менеджер": " Отлично, ждем вас."}, {"Менеджер": " До свидания."}, {"Клиент": "os"}, {"Менеджер": " Продолжение следует..."}]