[
    {
        "start":0.0,
        "end":4.64,
        "text":" Здравствуйте",
        "channel":"Клиент"
    },
    {
        "start":4.64,
        "end":7.48,
        "text":" Телефон сломался",
        "channel":"Клиент"
    },
    {
        "start":7.48,
        "end":8.9,
        "text":" Не пойму по какой причине",
        "channel":"Клиент"
    },
    {
        "start":8.9,
        "end":10.4,
        "text":" Поставил на зарядку в машине",
        "channel":"Клиент"
    },
    {
        "start":10.4,
        "end":11.54,
        "text":" И все",
        "channel":"Клиент"
    },
    {
        "start":11.54,
        "end":13.28,
        "text":" Подошел он уже",
        "channel":"Клиент"
    },
    {
        "start":13.28,
        "end":17.16,
        "text":" 13 Pro",
        "channel":"Клиент"
    },
    {
        "start":17.16,
        "end":30.12,
        "text":" Куда подъехать",
        "channel":"Клиент"
    },
    {
        "start":30.12,
        "end":31.58,
        "text":" Чтобы где меньше загруженности",
        "channel":"Клиент"
    },
    {
        "start":31.58,
        "end":32.76,
        "text":" Чтобы это",
        "channel":"Клиент"
    },
    {
        "start":32.76,
        "end":35.02,
        "text":" По скорости посмотрели",
        "channel":"Клиент"
    },
    {
        "start":46.56,
        "end":47.12,
        "text":" Аккуратно",
        "channel":"Клиент"
    },
    {
        "start":47.12,
        "end":47.14,
        "text":" Аккуратно",
        "channel":"Клиент"
    },
    {
        "start":47.16,
        "end":49.16,
        "text":" Аккуратно",
        "channel":"Клиент"
    },
    {
        "start":49.16,
        "end":56.16,
        "text":" Так",
        "channel":"Клиент"
    },
    {
        "start":56.16,
        "end":57.52,
        "text":" Все я понял",
        "channel":"Клиент"
    },
    {
        "start":57.52,
        "end":59.14,
        "text":" Просто там бывает же у вас",
        "channel":"Клиент"
    },
    {
        "start":59.14,
        "end":60.42,
        "text":" Куда-то там собираются",
        "channel":"Клиент"
    },
    {
        "start":60.42,
        "end":63.78,
        "text":" И к мастерам в какой-то определенной местности",
        "channel":"Клиент"
    },
    {
        "start":63.78,
        "end":72.18,
        "text":" Ага",
        "channel":"Клиент"
    },
    {
        "start":72.18,
        "end":74.1,
        "text":" Так вот на",
        "channel":"Клиент"
    },
    {
        "start":74.1,
        "end":75.12,
        "text":" Калине",
        "channel":"Клиент"
    },
    {
        "start":75.12,
        "end":76.88,
        "text":" На Победы",
        "channel":"Клиент"
    },
    {
        "start":76.88,
        "end":78.42,
        "text":" Там по-моему новый магазин, да?",
        "channel":"Клиент"
    },
    {
        "start":79.16,
        "end":80.2,
        "text":" Всё",
        "channel":"Клиент"
    },
    {
        "start":80.2,
        "end":81.2,
        "text":" Когда поехал туда",
        "channel":"Клиент"
    },
    {
        "start":81.2,
        "end":86.72,
        "text":" Спасибо",
        "channel":"Клиент"
    },
    {
        "start":86.72,
        "end":91.22,
        "text":"os",
        "channel":"Клиент"
    }
]