[
    {
        "start":0.36,
        "end":2.82,
        "text":" Добрый день, магазин IceCase, меня зовут Игнат, могу помочь?",
        "channel":"Менеджер"
    },
    {
        "start":12.14,
        "end":14.38,
        "text":" А уточните, пожалуйста, какой телефон?",
        "channel":"Менеджер"
    },
    {
        "start":15.28,
        "end":15.5,
        "text":" iPhone?",
        "channel":"Менеджер"
    },
    {
        "start":18.26,
        "end":19.36,
        "text":" Так, 13 Pro.",
        "channel":"Менеджер"
    },
    {
        "start":19.88,
        "end":21.68,
        "text":" Приносите в магазин на диагностику.",
        "channel":"Менеджер"
    },
    {
        "start":21.84,
        "end":24.42,
        "text":" Можно принести в магазин на 22-й портье, 194,",
        "channel":"Менеджер"
    },
    {
        "start":25.12,
        "end":26.32,
        "text":" Георгия Димитрова, 104,",
        "channel":"Менеджер"
    },
    {
        "start":27.28,
        "end":28.48,
        "text":" клиническая, 25,",
        "channel":"Менеджер"
    },
    {
        "start":30.0,
        "end":35.26,
        "text":" Тут я...",
        "channel":"Менеджер"
    },
    {
        "start":35.26,
        "end":37.14,
        "text":" Да, я понял вас, но, к сожалению,",
        "channel":"Менеджер"
    },
    {
        "start":37.5,
        "end":39.56,
        "text":" не подскажу вам по загруженности мастеров.",
        "channel":"Менеджер"
    },
    {
        "start":39.76,
        "end":40.6,
        "text":" Неизвестно мне,",
        "channel":"Менеджер"
    },
    {
        "start":41.78,
        "end":42.88,
        "text":" сколько у кого мастеров.",
        "channel":"Менеджер"
    },
    {
        "start":43.32,
        "end":45.2,
        "text":" Приезжайте просто, которые вам ближе.",
        "channel":"Менеджер"
    },
    {
        "start":45.94,
        "end":47.36,
        "text":" Кроме Мичурина, 120.",
        "channel":"Менеджер"
    },
    {
        "start":49.88,
        "end":51.92,
        "text":" А так во всех магазинах мастера на месте.",
        "channel":"Менеджер"
    },
    {
        "start":53.0,
        "end":54.38,
        "text":" Диагностику просто сможем сделать.",
        "channel":"Менеджер"
    },
    {
        "start":60.0,
        "end":66.12,
        "text":" Ну, да, я вам так скажу, что на Самарской сейчас самая высокая загруженность.",
        "channel":"Менеджер"
    },
    {
        "start":66.26,
        "end":73.18,
        "text":" Это неоднократно ребята писали, но в остальных магазинах нормально.",
        "channel":"Менеджер"
    },
    {
        "start":78.76,
        "end":80.74,
        "text":" Да, да, да, мастер на месте.",
        "channel":"Менеджер"
    },
    {
        "start":84.06,
        "end":85.08,
        "text":" Отлично, ждем вас.",
        "channel":"Менеджер"
    },
    {
        "start":87.32,
        "end":88.02,
        "text":" До свидания.",
        "channel":"Менеджер"
    },
    {
        "start":90.0,
        "end":119.98,
        "text":" Продолжение следует...",
        "channel":"Менеджер"
    }
]