[{"Менеджер": " Добрый день, магазин IceCase. Меня зовут Александр. Чем я могу помочь?"}, {"Клиент": " Здравствуйте. У меня такая ситуация."}, {"Клиент": " Я покупала у вас"}, {"Клиент": " Mac на Карла Маркса, отдавала"}, {"Клиент": " его по гарантии на..."}, {"Клиент": " Они говорили, что они будут отправлять"}, {"Клиент": " в сервисный центр. Сказали, что 45 дней,"}, {"Клиент": " через 45 дней, если не вернутся, позвоните."}, {"Клиент": " Вот, 45 дней сегодня истекло."}, {"Менеджер": " Так, а в какой магазин обращались?"}, {"Клиент": " Карла Маркса."}, {"Менеджер": " Карл Маркса. Ожидается, он сейчас перезвонит."}, {"Клиент": " Большое спасибо. До свидания."}, {"Менеджер": " Карл Маркса. Ожидается, он сейчас перезвонит."}, {"Клиент": " Продолжение следует..."}]