[
    {
        "start":0.0,
        "end":5.0,
        "text":" Здравствуйте. У меня такая ситуация.",
        "channel":"Клиент"
    },
    {
        "start":5.26,
        "end":6.78,
        "text":" Я покупала у вас",
        "channel":"Клиент"
    },
    {
        "start":6.78,
        "end":8.7,
        "text":" Mac на Карла Маркса, отдавала",
        "channel":"Клиент"
    },
    {
        "start":8.7,
        "end":10.56,
        "text":" его по гарантии на...",
        "channel":"Клиент"
    },
    {
        "start":10.56,
        "end":12.12,
        "text":" Они говорили, что они будут отправлять",
        "channel":"Клиент"
    },
    {
        "start":12.12,
        "end":14.64,
        "text":" в сервисный центр. Сказали, что 45 дней,",
        "channel":"Клиент"
    },
    {
        "start":14.74,
        "end":16.36,
        "text":" через 45 дней, если не вернутся, позвоните.",
        "channel":"Клиент"
    },
    {
        "start":16.98,
        "end":18.6,
        "text":" Вот, 45 дней сегодня истекло.",
        "channel":"Клиент"
    },
    {
        "start":20.94,
        "end":21.86,
        "text":" Карла Маркса.",
        "channel":"Клиент"
    },
    {
        "start":25.54,
        "end":26.88,
        "text":" Большое спасибо. До свидания.",
        "channel":"Клиент"
    },
    {
        "start":30.0,
        "end":59.98,
        "text":" Продолжение следует...",
        "channel":"Клиент"
    }
]