[
    {
        "start":0.0,
        "end":2.34,
        "text":" Добрый день, магазин IceCase. Меня зовут Александр. Чем я могу помочь?",
        "channel":"Менеджер"
    },
    {
        "start":19.02,
        "end":20.56,
        "text":" Так, а в какой магазин обращались?",
        "channel":"Менеджер"
    },
    {
        "start":22.48,
        "end":24.74,
        "text":" Карл Маркса. Ожидается, он сейчас перезвонит.",
        "channel":"Менеджер"
    },
    {
        "start":30.0,
        "end":59.98,
        "text":" Карл Маркса. Ожидается, он сейчас перезвонит.",
        "channel":"Менеджер"
    }
]