[
    {
        "start":0.0,
        "end":10.92,
        "text":" Ксения, добрый день, да, вас беспокоит магазин IceCase, звоню по поводу вашего заказа на iPhone 14 и 128 темная ночь, хотел уточнить, в каком магазине вам будет удобно забрать заказ?",
        "channel":"Менеджер"
    },
    {
        "start":14.76,
        "end":26.14,
        "text":" Победа 97, да, смотрите, там сейчас его нету, мы будем перемещать, как только заказ будет готов, мы вам позвоним или напишем в WhatsApp, переместим скорее всего уже к завтрашнему дню.",
        "channel":"Менеджер"
    },
    {
        "start":30.0,
        "end":37.64,
        "text":" Все, хорошо, да, также напоминаю, что оплата за наличный расчет у вас, да, до свидания.",
        "channel":"Менеджер"
    }
]