[{"Клиент": " Алло. Да-да-да."}, {"Менеджер": " алла добрый день вас беспокоит магазина из кейс меня зовут александр звание по"}, {"Клиент": " Угу."}, {"Менеджер": " поводу вашего заказа на фон 14 28 синий так я смотрю вас доставка но не вижу"}, {"Менеджер": " адрес скажите пожалуйста к адресу доставки"}, {"Клиент": " Вот, я уже даже на сайте написала, что-то мне там не предлагали нигде выбрать адрес. Я диктую вам, да?"}, {"Менеджер": " да да да"}, {"Менеджер": " а"}, {"Клиент": " Проспект Карл Маркса, дом 374."}, {"Менеджер": " от 370 4"}, {"Клиент": " Квартира 25."}, {"Менеджер": " и радовской откажись пожалуйста какой этаж и подъезд"}, {"Клиент": " Второй подъезд, второй этаж."}, {"Клиент": " Я вот там написала после 18.00."}, {"Менеджер": " да и скажите пожалуйста оплата вас будут как наличными с переводом на карту а личными"}, {"Клиент": " Но наличными. Там же дешевле намного, да? Как бы это получается?"}, {"Менеджер": " а"}, {"Менеджер": " единственный момент сдачи потребуется у вас потому что сумма заказа 62 тысячи 200 рублей"}, {"Клиент": " Нет, не потребуется."}, {"Клиент": " Я выберу."}, {"Менеджер": " может быть адаптер питания нужно вам защитная"}, {"Клиент": " Да, ну нет, наверное, это все потом покажем."}, {"Менеджер": " и я я вас понял но в любом случае тогда дождись"}, {"Менеджер": " звонка курьера он вам позвонить заранее согласуют уже более точно время доставки"}, {"Клиент": " Хорошо. А еще вот вопрос. А сколько стоит стеклозащитное?"}, {"Клиент": " Не знаю."}, {"Менеджер": " так одну минутку сейчас я вам скажу"}, {"Менеджер": " так минутку"}, {"Менеджер": " дошло"}, {"Менеджер": " то есть"}, {"Клиент": " Вы entferлись?"}, {"Менеджер": " есть"}, {"Менеджер": " перечень"}, {"Менеджер": " шокирования"}, {"Менеджер": "кая"}, {"Менеджер": " Так, ну смотрите, самое хорошее качество, оно стоит 890 рублей."}, {"Клиент": " Чуть-чуть."}, {"Клиент": " Ясно. Ну нет, не надо, все, спасибо."}, {"Менеджер": " Все, хорошо, тогда ожидайте."}, {"Клиент": " Все, вот отдохнула."}, {"Клиент": " Спасибо."}, {"Менеджер": " До свидания."}, {"Клиент": " До свидания."}, {"Клиент": " До свидания."}]