[
    {
        "start":0.0,
        "end":5.36,
        "text":" Алло. Да-да-да.",
        "channel":"Клиент"
    },
    {
        "start":5.36,
        "end":5.9,
        "text":" Угу.",
        "channel":"Клиент"
    },
    {
        "start":12.42,
        "end":19.12,
        "text":" Вот, я уже даже на сайте написала, что-то мне там не предлагали нигде выбрать адрес. Я диктую вам, да?",
        "channel":"Клиент"
    },
    {
        "start":20.3,
        "end":26.16,
        "text":" Проспект Карл Маркса, дом 374.",
        "channel":"Клиент"
    },
    {
        "start":30.0,
        "end":31.24,
        "text":" Квартира 25.",
        "channel":"Клиент"
    },
    {
        "start":34.66,
        "end":36.84,
        "text":" Второй подъезд, второй этаж.",
        "channel":"Клиент"
    },
    {
        "start":38.5,
        "end":41.22,
        "text":" Я вот там написала после 18.00.",
        "channel":"Клиент"
    },
    {
        "start":45.34,
        "end":50.1,
        "text":" Но наличными. Там же дешевле намного, да? Как бы это получается?",
        "channel":"Клиент"
    },
    {
        "start":57.82,
        "end":59.5,
        "text":" Нет, не потребуется.",
        "channel":"Клиент"
    },
    {
        "start":60.0,
        "end":61.28,
        "text":" Я выберу.",
        "channel":"Клиент"
    },
    {
        "start":68.5,
        "end":72.08,
        "text":" Да, ну нет, наверное, это все потом покажем.",
        "channel":"Клиент"
    },
    {
        "start":81.18,
        "end":84.1,
        "text":" Хорошо. А еще вот вопрос. А сколько стоит стеклозащитное?",
        "channel":"Клиент"
    },
    {
        "start":84.1,
        "end":85.1,
        "text":" Не знаю.",
        "channel":"Клиент"
    },
    {
        "start":90.0,
        "end":117.0,
        "text":" Вы entferлись?",
        "channel":"Клиент"
    },
    {
        "start":117.58,
        "end":119.34,
        "text":" Чуть-чуть.",
        "channel":"Клиент"
    },
    {
        "start":120.0,
        "end":126.0,
        "text":" Ясно. Ну нет, не надо, все, спасибо.",
        "channel":"Клиент"
    },
    {
        "start":127.32,
        "end":128.44,
        "text":" Все, вот отдохнула.",
        "channel":"Клиент"
    },
    {
        "start":128.94,
        "end":129.38,
        "text":" Спасибо.",
        "channel":"Клиент"
    },
    {
        "start":129.7,
        "end":130.26,
        "text":" До свидания.",
        "channel":"Клиент"
    },
    {
        "start":130.26,
        "end":160.24,
        "text":" До свидания.",
        "channel":"Клиент"
    }
]