[
    {
        "start":0.0,
        "end":5.68,
        "text":" алла добрый день вас беспокоит магазина из кейс меня зовут александр звание по",
        "channel":"Менеджер"
    },
    {
        "start":5.68,
        "end":11.16,
        "text":" поводу вашего заказа на фон 14 28 синий так я смотрю вас доставка но не вижу",
        "channel":"Менеджер"
    },
    {
        "start":11.16,
        "end":15.06,
        "text":" адрес скажите пожалуйста к адресу доставки",
        "channel":"Менеджер"
    },
    {
        "start":18.68,
        "end":21.88,
        "text":" да да да",
        "channel":"Менеджер"
    },
    {
        "start":21.88,
        "end":23.88,
        "text":" а",
        "channel":"Менеджер"
    },
    {
        "start":27.98,
        "end":29.42,
        "text":" от 370 4",
        "channel":"Менеджер"
    },
    {
        "start":32.1,
        "end":34.5,
        "text":" и радовской откажись пожалуйста какой этаж и подъезд",
        "channel":"Менеджер"
    },
    {
        "start":37.5,
        "end":48.22,
        "text":" да и скажите пожалуйста оплата вас будут как наличными с переводом на карту а личными",
        "channel":"Менеджер"
    },
    {
        "start":51.0,
        "end":51.54,
        "text":" а",
        "channel":"Менеджер"
    },
    {
        "start":51.88,
        "end":57.04,
        "text":" единственный момент сдачи потребуется у вас потому что сумма заказа 62 тысячи 200 рублей",
        "channel":"Менеджер"
    },
    {
        "start":57.04,
        "end":67.18,
        "text":" может быть адаптер питания нужно вам защитная",
        "channel":"Менеджер"
    },
    {
        "start":67.18,
        "end":74.62,
        "text":" и я я вас понял но в любом случае тогда дождись",
        "channel":"Менеджер"
    },
    {
        "start":74.62,
        "end":79.88,
        "text":" звонка курьера он вам позвонить заранее согласуют уже более точно время доставки",
        "channel":"Менеджер"
    },
    {
        "start":82.48,
        "end":87.62,
        "text":" так одну минутку сейчас я вам скажу",
        "channel":"Менеджер"
    },
    {
        "start":92.64,
        "end":98.34,
        "text":" так минутку",
        "channel":"Менеджер"
    },
    {
        "start":98.84,
        "end":102.06,
        "text":" дошло",
        "channel":"Менеджер"
    },
    {
        "start":102.06,
        "end":104.8,
        "text":" то есть",
        "channel":"Менеджер"
    },
    {
        "start":104.8,
        "end":106.14,
        "text":" есть",
        "channel":"Менеджер"
    },
    {
        "start":106.14,
        "end":109.14,
        "text":" перечень",
        "channel":"Менеджер"
    },
    {
        "start":109.14,
        "end":109.96,
        "text":" шокирования",
        "channel":"Менеджер"
    },
    {
        "start":109.96,
        "end":110.96,
        "text":"кая",
        "channel":"Менеджер"
    },
    {
        "start":111.88,
        "end":122.22,
        "text":" Так, ну смотрите, самое хорошее качество, оно стоит 890 рублей.",
        "channel":"Менеджер"
    },
    {
        "start":126.56,
        "end":128.3,
        "text":" Все, хорошо, тогда ожидайте.",
        "channel":"Менеджер"
    },
    {
        "start":129.38,
        "end":130.5,
        "text":" До свидания.",
        "channel":"Менеджер"
    }
]