[
    {
        "start":0.0,
        "end":7.52,
        "text":" Здравствуйте, подскажите, пожалуйста, у вас шлейф на iPhone X, верхний,",
        "channel":"Клиент"
    },
    {
        "start":7.94,
        "end":11.08,
        "text":" там датчик света, микрофон такой вот идет.",
        "channel":"Клиент"
    },
    {
        "start":11.28,
        "end":12.34,
        "text":" Подскажите, есть в наличии?",
        "channel":"Клиент"
    },
    {
        "start":13.36,
        "end":13.84,
        "text":" Вот, стоп, да.",
        "channel":"Клиент"
    },
    {
        "start":17.74,
        "end":20.04,
        "text":" А вы же до восьми же, да?",
        "channel":"Клиент"
    },
    {
        "start":22.08,
        "end":23.38,
        "text":" Угу, посмотрите, пожалуйста.",
        "channel":"Клиент"
    },
    {
        "start":28.58,
        "end":29.06,
        "text":" Да.",
        "channel":"Клиент"
    },
    {
        "start":30.0,
        "end":31.78,
        "text":" Ага, я на Самарской, да?",
        "channel":"Клиент"
    },
    {
        "start":35.16,
        "end":38.2,
        "text":" Да, спасибо, сейчас, если что, пробегу, спасибо огромное.",
        "channel":"Клиент"
    }
]