[
    {
        "start":0.0,
        "end":2.5,
        "text":" Добрый день, магазин IceCase. Меня зовут Александр. Чем могу помочь?",
        "channel":"Менеджер"
    },
    {
        "start":16.18,
        "end":18.42,
        "text":" Так, на одну минуту.",
        "channel":"Менеджер"
    },
    {
        "start":20.7,
        "end":20.94,
        "text":" Да.",
        "channel":"Менеджер"
    },
    {
        "start":23.88,
        "end":26.94,
        "text":" Так, верхний динамик сбор со шлейфом, датчиком приближения.",
        "channel":"Менеджер"
    },
    {
        "start":27.18,
        "end":29.14,
        "text":" Да, есть наличие, цена 500 рублей.",
        "channel":"Менеджер"
    },
    {
        "start":30.0,
        "end":34.64,
        "text":" На Самарск тоже есть, да, можете туда обратиться.",
        "channel":"Менеджер"
    },
    {
        "start":36.76,
        "end":37.68,
        "text":" Да, до свидания.",
        "channel":"Менеджер"
    }
]