[
    {
        "start":0.0,
        "end":14.78,
        "text":" Да, сейчас, одну секундочку, подождите, извините, секундочку.",
        "channel":"Клиент"
    },
    {
        "start":21.78,
        "end":23.38,
        "text":" Алло, извините, да.",
        "channel":"Клиент"
    },
    {
        "start":30.0,
        "end":35.14,
        "text":" В 97, а сегодня, их сегодня переместить реально или нереально?",
        "channel":"Клиент"
    },
    {
        "start":42.08,
        "end":42.64,
        "text":" Так.",
        "channel":"Клиент"
    },
    {
        "start":46.34,
        "end":51.88,
        "text":" Скажите, пожалуйста, а можно сделать так, например, что я просто, допустим, переводом оплачу их,",
        "channel":"Клиент"
    },
    {
        "start":51.88,
        "end":55.58,
        "text":" и сам Яндекс.Курьер его заберу, чтобы не мотаться никуда?",
        "channel":"Клиент"
    },
    {
        "start":60.0,
        "end":66.22,
        "text":" И, а дальше как действовать?",
        "channel":"Клиент"
    },
    {
        "start":70.74,
        "end":72.66,
        "text":" Все хорошо, отлично, сейчас переведу тогда.",
        "channel":"Клиент"
    },
    {
        "start":75.6,
        "end":78.58,
        "text":" А, секунду, подождите, секунду, подождите.",
        "channel":"Клиент"
    },
    {
        "start":78.58,
        "end":84.52,
        "text":" А еще можно, еще вот тогда сразу же, это я оплачу этот номер, как это называется,",
        "channel":"Клиент"
    },
    {
        "start":84.62,
        "end":89.06,
        "text":" забыл, такая подставочка под лобовое стекло, чтобы номер, там, ну, грубо говоря,",
        "channel":"Клиент"
    },
    {
        "start":89.06,
        "end":94.06,
        "text":" свой мобильный оставлять, она, Бэйзус, по-моему, называется фирма,",
        "channel":"Клиент"
    },
    {
        "start":94.52,
        "end":97.64,
        "text":" тысячу с чем-то стоит, тысячу сто, что ли, что-то такое, вот, посмотрите,",
        "channel":"Клиент"
    },
    {
        "start":97.72,
        "end":98.88,
        "text":" просто она там на речи тоже есть.",
        "channel":"Клиент"
    },
    {
        "start":104.3,
        "end":108.06,
        "text":" Как бы на одной ноге она крепится к нему, что ли.",
        "channel":"Клиент"
    },
    {
        "start":109.76,
        "end":110.12,
        "text":" Да.",
        "channel":"Клиент"
    },
    {
        "start":116.62,
        "end":117.02,
        "text":" Привет.",
        "channel":"Клиент"
    },
    {
        "start":119.06,
        "end":123.76,
        "text":" Все, я тогда переведу, и Яндекс.Курьер вызову.",
        "channel":"Клиент"
    },
    {
        "start":125.56,
        "end":125.92,
        "text":" Спасибо.",
        "channel":"Клиент"
    },
    {
        "start":126.18,
        "end":128.16,
        "text":" Ну, и даже скажите, что делать, в общем, напишите, я понял.",
        "channel":"Клиент"
    },
    {
        "start":128.36,
        "end":128.56,
        "text":" Спасибо.",
        "channel":"Клиент"
    },
    {
        "start":130.64,
        "end":131.12,
        "text":" Субтитры сделал DimaTorzok",
        "channel":"Клиент"
    }
]