[
    {
        "start":0.0,
        "end":7.68,
        "text":" александр добрый день до вас беспокоит магазина из кейс звоню по поводу вашего заказа на амбушюры",
        "channel":"Менеджер"
    },
    {
        "start":7.68,
        "end":15.24,
        "text":" лага airbus до хотел уточнить каком магазине он будет удобно забрать они вот находится да да",
        "channel":"Менеджер"
    },
    {
        "start":15.24,
        "end":28.08,
        "text":" да да да в каком магазине будет удобно забрать они сейчас находятся победе нас всем",
        "channel":"Менеджер"
    },
    {
        "start":28.08,
        "end":39.36,
        "text":" сегодня до после обеда сможете забрать любом магазине",
        "channel":"Менеджер"
    },
    {
        "start":45.24,
        "end":60.78,
        "text":" а ну если ходить вам будет удобно так да конечно я вам сейчас туда пришлю реквизит",
        "channel":"Менеджер"
    },
    {
        "start":60.78,
        "end":74.02,
        "text":" карты сделать перевод и все я вам дальше напишу в чужой в часе воцапе все ожидать",
        "channel":"Менеджер"
    },
    {
        "start":74.02,
        "end":74.32,
        "text":" часом",
        "channel":"Менеджер"
    },
    {
        "start":75.24,
        "end":77.34,
        "text":" пришлют визит да да",
        "channel":"Менеджер"
    },
    {
        "start":77.34,
        "end":92.06,
        "text":" а я понял",
        "channel":"Менеджер"
    },
    {
        "start":92.06,
        "end":98.1,
        "text":" сейчас минутку минутку",
        "channel":"Менеджер"
    },
    {
        "start":98.1,
        "end":100.96,
        "text":" минутку",
        "channel":"Менеджер"
    },
    {
        "start":105.24,
        "end":110.24,
        "text":",",
        "channel":"Менеджер"
    },
    {
        "start":110.24,
        "end":119.34,
        "text":" да хорошо сейчас я тогда пришлю вам полностью",
        "channel":"Менеджер"
    },
    {
        "start":119.34,
        "end":124.64,
        "text":" хорошо хорошо",
        "channel":"Менеджер"
    },
    {
        "start":124.64,
        "end":130.0,
        "text":" приседание",
        "channel":"Менеджер"
    }
]