[
    {
        "start":0.0,
        "end":9.82,
        "text":" Дмитрий, в каком магазине есть сама вилка на зарядку",
        "channel":"Клиент"
    },
    {
        "start":9.82,
        "end":10.82,
        "text":" макбука?",
        "channel":"Клиент"
    },
    {
        "start":10.82,
        "end":22.76,
        "text":" Не переходник, она же такая съемная там, у меня просто",
        "channel":"Клиент"
    },
    {
        "start":22.76,
        "end":28.0,
        "text":" да, он отломался, поэтому нужна новая вилка.",
        "channel":"Клиент"
    },
    {
        "start":28.0,
        "end":32.64,
        "text":" А у вас нет такой опции, что вам как-то оплатить",
        "channel":"Клиент"
    },
    {
        "start":32.64,
        "end":46.88,
        "text":" и заказать в Яндекс заставку, чтобы не ездить к вам?",
        "channel":"Клиент"
    },
    {
        "start":46.88,
        "end":52.74,
        "text":" Нет, нет, нет.",
        "channel":"Клиент"
    },
    {
        "start":52.74,
        "end":80.9,
        "text":" Да-да-да-да, либо на Карло Маркса, либо на Клинической,",
        "channel":"Клиент"
    },
    {
        "start":80.9,
        "end":81.9,
        "text":" да, или какой там у вас.",
        "channel":"Клиент"
    },
    {
        "start":81.9,
        "end":82.72,
        "text":" Да-да-да-да.",
        "channel":"Клиент"
    },
    {
        "start":82.72,
        "end":86.34,
        "text":" У меня Никита зовут.",
        "channel":"Клиент"
    },
    {
        "start":112.72,
        "end":117.5,
        "text":" Так, а давайте еще раз, то есть это будет просто",
        "channel":"Клиент"
    },
    {
        "start":117.5,
        "end":121.34,
        "text":" в американский разъем вставляться вот в этот переходник, потом",
        "channel":"Клиент"
    },
    {
        "start":121.34,
        "end":128.68,
        "text":" уже в розетку, правильно я понимаю?",
        "channel":"Клиент"
    },
    {
        "start":128.68,
        "end":132.6,
        "text":" Ага.",
        "channel":"Клиент"
    },
    {
        "start":132.6,
        "end":140.72,
        "text":" Ну, он такой, получается, как бы, блин, как… А у вас",
        "channel":"Клиент"
    },
    {
        "start":140.72,
        "end":141.72,
        "text":" на сайте как он правильно называется?",
        "channel":"Клиент"
    },
    {
        "start":141.72,
        "end":142.72,
        "text":" Да.",
        "channel":"Клиент"
    },
    {
        "start":142.72,
        "end":143.72,
        "text":" Да, он как-то так называется.",
        "channel":"Клиент"
    },
    {
        "start":143.72,
        "end":144.72,
        "text":" О, супер вообще, будет отлично.",
        "channel":"Клиент"
    },
    {
        "start":144.72,
        "end":149.72,
        "text":" Окей, а второй вопрос, а вот стекло на айфоне, не знаю,",
        "channel":"Клиент"
    },
    {
        "start":149.72,
        "end":155.72,
        "text":" на какой-то старой модели поменять, как долго это",
        "channel":"Клиент"
    },
    {
        "start":155.72,
        "end":158.72,
        "text":" вообще процесс занимает, можете подсказать?",
        "channel":"Клиент"
    },
    {
        "start":158.72,
        "end":163.72,
        "text":" Не, нет, стеклодисплей и заднюю стенку тоже, сегодня",
        "channel":"Клиент"
    },
    {
        "start":163.72,
        "end":164.72,
        "text":" все уронил.",
        "channel":"Клиент"
    },
    {
        "start":164.72,
        "end":169.72,
        "text":" Нет, как это узнать?",
        "channel":"Клиент"
    },
    {
        "start":169.72,
        "end":170.72,
        "text":" Не знаю.",
        "channel":"Клиент"
    },
    {
        "start":170.72,
        "end":171.72,
        "text":" Хорошо.",
        "channel":"Клиент"
    },
    {
        "start":171.72,
        "end":172.72,
        "text":" Окей.",
        "channel":"Клиент"
    },
    {
        "start":172.72,
        "end":173.72,
        "text":" Три-четыре часа.",
        "channel":"Клиент"
    },
    {
        "start":173.72,
        "end":174.72,
        "text":" Три-четыре часа.",
        "channel":"Клиент"
    },
    {
        "start":174.72,
        "end":175.72,
        "text":" Окей.",
        "channel":"Клиент"
    },
    {
        "start":175.72,
        "end":176.72,
        "text":" Так, три-четыре часа.",
        "channel":"Клиент"
    },
    {
        "start":176.72,
        "end":187.72,
        "text":" Окей, это в любом месте можно или в каком-то одном",
        "channel":"Клиент"
    },
    {
        "start":187.72,
        "end":188.72,
        "text":" сдавать, нужно поехать.",
        "channel":"Клиент"
    },
    {
        "start":188.72,
        "end":199.72,
        "text":" А Мичурина, это который на Клинической или который",
        "channel":"Клиент"
    },
    {
        "start":199.72,
        "end":200.72,
        "text":" прямо на Мичуриновом?",
        "channel":"Клиент"
    },
    {
        "start":200.72,
        "end":201.72,
        "text":" Да.",
        "channel":"Клиент"
    },
    {
        "start":201.72,
        "end":210.72,
        "text":" А который на, около Макдональдса, там точно можно, да?",
        "channel":"Клиент"
    },
    {
        "start":210.72,
        "end":221.72,
        "text":" Супер, спасибо, тогда буду ждать ватсап запросов,",
        "channel":"Клиент"
    },
    {
        "start":221.72,
        "end":224.72,
        "text":" тогда заплачу.",
        "channel":"Клиент"
    },
    {
        "start":224.72,
        "end":225.72,
        "text":" Все, супер, спасибо, ага.",
        "channel":"Клиент"
    },
    {
        "start":225.72,
        "end":226.72,
        "text":" Спасибо.",
        "channel":"Клиент"
    },
    {
        "start":226.72,
        "end":227.72,
        "text":" Спасибо.",
        "channel":"Клиент"
    },
    {
        "start":227.72,
        "end":228.72,
        "text":" Спасибо.",
        "channel":"Клиент"
    }
]