[
    {
        "start":0.68,
        "end":3.18,
        "text":" Добрый день, магазин Ice Case. Меня зовут Дмитрий. Чем могу помочь?",
        "channel":"Менеджер"
    },
    {
        "start":12.0,
        "end":12.48,
        "text":" Переходник?",
        "channel":"Менеджер"
    },
    {
        "start":16.4,
        "end":21.0,
        "text":" Ну да, вот этот переходничок, который идет с американской на русскую.",
        "channel":"Менеджер"
    },
    {
        "start":24.94,
        "end":28.16,
        "text":" Да, у нас в наличии во всех магазинах 250 рублей стоит.",
        "channel":"Менеджер"
    },
    {
        "start":30.0,
        "end":38.8,
        "text":" Сейчас посмотрю минутку.",
        "channel":"Менеджер"
    },
    {
        "start":60.0,
        "end":62.68,
        "text":" Так, давайте еще раз. Мы правильно поняли?",
        "channel":"Менеджер"
    },
    {
        "start":62.92,
        "end":65.84,
        "text":" Переходник для блока питания для макбука. Все верно?",
        "channel":"Менеджер"
    },
    {
        "start":67.06,
        "end":69.9,
        "text":" Только который вставляется в блок питания и в розетку потом.",
        "channel":"Менеджер"
    },
    {
        "start":72.64,
        "end":73.24,
        "text":" Сейчас.",
        "channel":"Менеджер"
    },
    {
        "start":74.24,
        "end":76.1,
        "text":" В каком магазине удобно забрать вашему курьеру?",
        "channel":"Менеджер"
    },
    {
        "start":82.62,
        "end":83.84,
        "text":" Так, как вас зовут?",
        "channel":"Менеджер"
    },
    {
        "start":90.0,
        "end":102.14,
        "text":" Так, давайте я сейчас сделаю заказ на Карла Маркса.",
        "channel":"Менеджер"
    },
    {
        "start":102.4,
        "end":106.88,
        "text":" Вам в WhatsApp скину реквизиты для оплаты, номер карты.",
        "channel":"Менеджер"
    },
    {
        "start":107.52,
        "end":114.42,
        "text":" И потом, как вы оплатите, пришлите скрин квитанции, и я вам потом пришлю информацию для вашего курьера.",
        "channel":"Менеджер"
    },
    {
        "start":120.0,
        "end":130.42,
        "text":" Ну, нет, там идет, я немножко неправильно сказал, то есть там вот этот вот маленький штекер вытаскивается.",
        "channel":"Менеджер"
    },
    {
        "start":130.8,
        "end":134.1,
        "text":" Там двухпиновый. С одной стороны двухпин, а с другой стороны идет в розетку.",
        "channel":"Менеджер"
    },
    {
        "start":135.1,
        "end":136.28,
        "text":" И вам вставляется в блок питания.",
        "channel":"Менеджер"
    },
    {
        "start":141.28,
        "end":148.2,
        "text":" Давайте я вам сейчас в WhatsApp скину перед тем, как оплата будет в фотку, и там уже определимся.",
        "channel":"Менеджер"
    },
    {
        "start":150.0,
        "end":158.28,
        "text":" Так, давайте я вам сейчас в WhatsApp скину перед тем, как оплата будет в фотку, и там уже определимся.",
        "channel":"Менеджер"
    },
    {
        "start":158.28,
        "end":160.08,
        "text":" Стекло-дисплей или защитное стекло?",
        "channel":"Менеджер"
    },
    {
        "start":163.86,
        "end":164.82,
        "text":" Какой iPhone?",
        "channel":"Менеджер"
    },
    {
        "start":168.42,
        "end":175.78,
        "text":" Ну, смотрите, в среднем занимает замена стекла-дисплея, если матрица исправна, то ориентировочно 3-4 часа.",
        "channel":"Менеджер"
    },
    {
        "start":180.0,
        "end":209.98,
        "text":" Так, давайте я вам сейчас в WhatsApp скину перед тем, как оплата будет в фотку, и там уже определимся.",
        "channel":"Менеджер"
    },
    {
        "start":210.0,
        "end":210.12,
        "text":" Так, давайте я вам сейчас в WhatsApp скину перед тем, как оплата будет в фотку, и там уже определимся.",
        "channel":"Менеджер"
    },
    {
        "start":210.12,
        "end":210.2,
        "text":" Так, давайте я вам сейчас в WhatsApp скину перед тем, как оплата будет в фотку, и там уже определимся.",
        "channel":"Менеджер"
    },
    {
        "start":211.0,
        "end":215.72,
        "text":" Там тоже можно на Клиническом, на Самарском, на Карломаркс, в этих адресах можно сдать.",
        "channel":"Менеджер"
    },
    {
        "start":220.54,
        "end":221.26,
        "text":" Так.",
        "channel":"Менеджер"
    },
    {
        "start":224.0,
        "end":225.12,
        "text":" Сейчас пришлю.",
        "channel":"Менеджер"
    },
    {
        "start":225.96,
        "end":226.98,
        "text":" До свидания.",
        "channel":"Менеджер"
    }
]