[
    {
        "start":1.0,
        "end":3.56,
        "text":" Добрый день, магазин Айчпись, меня зовут Игнат, чем могу помочь?",
        "channel":"Менеджер"
    },
    {
        "start":9.6,
        "end":11.74,
        "text":" Нет, у нас ремонт только техники Apple.",
        "channel":"Менеджер"
    },
    {
        "start":15.26,
        "end":16.28,
        "text":" Да, конечно.",
        "channel":"Менеджер"
    }
]