[
    {
        "start":0.0,
        "end":10.38,
        "text":" здравствуйте подскажите пожалуйста я вот у вас приобрел телефон недавно вот но и старый свой",
        "channel":"Клиент"
    },
    {
        "start":10.38,
        "end":17.64,
        "text":" телефон стер соответственно и сейчас хочу новый apple айди там создать а он говорит настоящее",
        "channel":"Клиент"
    },
    {
        "start":17.64,
        "end":25.36,
        "text":" время ну невозможно это не удалось создать новую учетную запись как-то это можно вопрос решить не",
        "channel":"Клиент"
    },
    {
        "start":25.36,
        "end":54.88,
        "text":" вопрос для ребенка допустим нужен телефон чтобы ему отдать его ну да ну вот он и пишет",
        "channel":"Клиент"
    },
    {
        "start":54.88,
        "end":60.52,
        "text":" в настоящее время создать ученую запись невозможно я просто думал может быть",
        "channel":"Клиент"
    },
    {
        "start":60.52,
        "end":78.2,
        "text":" а потом уже за войти в него с телефон хорошо спасибо а там как еще раз сайт называется",
        "channel":"Клиент"
    },
    {
        "start":78.2,
        "end":84.7,
        "text":" айклауд . все хорошо спасибо до",
        "channel":"Клиент"
    },
    {
        "start":84.88,
        "end":85.48,
        "text":" свидания",
        "channel":"Клиент"
    }
]