[
    {
        "start":0.0,
        "end":3.44,
        "text":" Добрый день, магазин АСКИС, меня зовут Настя, могу помочь?",
        "channel":"Менеджер"
    },
    {
        "start":30.0,
        "end":35.1,
        "text":" Я понял вас, это получается на старом устройстве, и сейчас невозможно создать счетную запись о плоде?",
        "channel":"Менеджер"
    },
    {
        "start":38.62,
        "end":43.06,
        "text":" Так, либо попробовать позже, это самый действенный вариант, возможно просто какой-то сбой,",
        "channel":"Менеджер"
    },
    {
        "start":43.14,
        "end":46.76,
        "text":" либо прям пробуйте, прям постоянно, рано или поздно пройдет.",
        "channel":"Менеджер"
    },
    {
        "start":47.0,
        "end":50.6,
        "text":" Скорее всего просто из-за санкций, потому что количество серверов, наверное, перезабито,",
        "channel":"Менеджер"
    },
    {
        "start":51.18,
        "end":54.7,
        "text":" у них часто бывает обновления не обновляются, да, то есть попробуйте так.",
        "channel":"Менеджер"
    },
    {
        "start":54.7,
        "end":65.14,
        "text":" Либо попробуйте, если что, просто через браузер зайти на сайт iCloud.com и там создать Apple ID,",
        "channel":"Менеджер"
    },
    {
        "start":65.24,
        "end":70.7,
        "text":" попробуйте его там создать, не с телефона сразу же, а вот просто со своего, например, телефона.",
        "channel":"Менеджер"
    },
    {
        "start":71.5,
        "end":73.7,
        "text":" А потом, да, да, да, да.",
        "channel":"Менеджер"
    },
    {
        "start":78.2,
        "end":79.76,
        "text":" iCloud.com",
        "channel":"Менеджер"
    },
    {
        "start":79.76,
        "end":80.76,
        "text":" Хорошо.",
        "channel":"Менеджер"
    },
    {
        "start":84.7,
        "end":86.78,
        "text":" До свидания.",
        "channel":"Менеджер"
    }
]