[
  {
    "Менеджер": "причемпомочьда"
  },
  {
    "Клиент": "Алло,"
  },
  {
    "Менеджер": "здрасте"
  },
  {
    "Клиент": "здравствуйте,явамсегоднязвонилапоповодуремонтаайфона12,язнаю,свамиразговариваю,"
  },
  {
    "Менеджер": "так"
  },
  {
    "Клиент": "нет,Дмитриймнеотвечал,"
  },
  {
    "Менеджер": "акакойвопрос"
  },
  {
    "Клиент": "айфон"
  },
  {
    "Менеджер": "ну"
  },
  {
    "Клиент": "невидиткарту,сим-карту,нутоесть"
  },
  {
    "Менеджер": "да"
  },
  {
    "Клиент": "всеработает,кромесим-карты,перезагрузка,всеэтотамнепомогло.Хотелауточнитьремонтпримерновкакуюстоимость,нуяпонимаю,чтобездиагностикинескажешь,новилкахотябы"
  },
  {
    "Менеджер": "ксожалению"
  },
  {
    "Клиент": "какая-то."
  },
  {
    "Менеджер": "бездиагностикиявамникакнескажуединственныймоментавыпробовалисим-картувставлятькакой-тодругойтелефонто"
  },
  {
    "Клиент": "Да,"
  },
  {
    "Менеджер": "естьон"
  },
  {
    "Клиент": "да,"
  },
  {
    "Менеджер": "вдругом"
  },
  {
    "Клиент": "сим-карта"
  },
  {
    "Менеджер": "телефоне"
  },
  {
    "Клиент": "работает,"
  },
  {
    "Менеджер": "ведь"
  },
  {
    "Клиент": "всенормально,тоестьэтоименнотелефонневидит."
  },
  {
    "Менеджер": "такхорошоасбросвыперрипростоперезагружатьтелефонасбросдопустимнастроексетинеделали"
  },
  {
    "Клиент": "Нет,неделала."
  },
  {
    "Менеджер": "таксмотрите"
  },
  {
    "Клиент": "Чтовыимеете"
  },
  {
    "Менеджер": "сейчас"
  },
  {
    "Клиент": "ввиду,сброснастройоксети?"
  },
  {
    "Менеджер": "явамвсеобъяснютакпреждечембудетеделатьсбросвамнужнобудетзаписатьгде-нибудьпаролиотвайфайсетейамадониидомашнихотрабочихчтобыне"
  },
  {
    "Клиент": "Угу,"
  },
  {
    "Менеджер": "забытьвот"
  },
  {
    "Клиент": "угу,"
  },
  {
    "Менеджер": "настройкахзаходитевосновныеспускаетесьсамыйнизувасбудетпереносилисбросiphoneтоестьнажимаетенапереносилисбросiphoneитамбудетсброситьдаитамбудеткнопкасброситьтоестьнажимаетенасброситьивыбираетесброситьнастройкисети"
  },
  {
    "Клиент": "угу,"
  },
  {
    "Менеджер": "воттоестьвторуюостальноеничегонетрогатьатолькоименносброситьнастройкисетионувассбрасываютнастройкесетитамувасбылсброшенывсеоператорскиенастройкибудетсброшенывсевайфаянастройкивотвставитьсим-картувасдолжнапроизойтирегистрациясим-картаноесливдругэтонепроизошлотопредварительногде-нибудьвинтернетепоищитенастройкисобаквашегосотовогооператоратамдопустимонContentIvaiтам"
  },
  {
    "Клиент": "угу,угу,"
  },
  {
    "Менеджер": "белая"
  },
  {
    "Клиент": "угу,угу,угу,угу,угу,угу.Я"
  },
  {
    "Менеджер": "например"
  },
  {
    "Клиент": "поняла,да."
  },
  {
    "Менеджер": "да"
  },
  {
    "Клиент": "Так,"
  },
  {
    "Менеджер": "иужеесличтотогдавручнуюбудетенастраиватьсяпоидеекакбыдолжнопомочьноеслиэтонепоможеттотогдатолькоужеприноситьна"
  },
  {
    "Клиент": "аувас,еслиэтокакие-тотам,вотмнесказали...возможноgpsмодульестьновыэтимзанимаетесьвыможетесделатьну"
  },
  {
    "Менеджер": "диагностикунудаконечносложныйремонт"
  },
  {
    "Клиент": "понятно"
  },
  {
    "Менеджер": "этовсевозьмуэтовсевозможносложныйремонтэтовсевозможновотпростоединственноеговорючтоянезнаючтокакиеккакиеконкретноименноработанужнопроводитьвотнуарассчитываетсячтопримерноотдвухтысячрублейбудетстоимостьработы"
  },
  {
    "Клиент": "непонятно"
  },
  {
    "Менеджер": "как"
  },
  {
    "Клиент": "ладнопонялавасу"
  },
  {
    "Менеджер": "бы"
  },
  {
    "Клиент": "меня"
  },
  {
    "Менеджер": "тутпотомучтоянезнаюможетбытьэточто-тобудетделатьсяименноссамиммодемомэтобудетименноработапотомремонтремонтамодема"
  },
  {
    "Клиент": "вайфай"
  },
  {
    "Менеджер": "это"
  },
  {
    "Клиент": "работаетнукак"
  },
  {
    "Менеджер": "пайка"
  },
  {
    "Клиент": "быинтернетестьсамтелефон"
  },
  {
    "Менеджер": "ну"
  },
  {
    "Клиент": "кромевотсетивсевсеостальныефункциивпорядкеда"
  },
  {
    "Менеджер": "этовотпопробуйтесначаласделатьименносброссетидолжнопомочьнукакбыяконечнонегарантируючтостопроцентовпоможетнодолжно"
  },
  {
    "Клиент": "я"
  },
  {
    "Менеджер": "помочь"
  },
  {
    "Клиент": "поняла"
  },
  {
    "Менеджер": "после"
  },
  {
    "Клиент": "вас"
  },
  {
    "Менеджер": "этоиногда"
  },
  {
    "Клиент": "хорошо"
  },
  {
    "Менеджер": "такоебываетдо"
  },
  {
    "Клиент": "ладноспасибобольшоедо"
  },
  {
    "Менеджер": "свиданиявыпоняли"
  },
  {
    "Клиент": "свидания"
  },
  {
    "Менеджер": "дакак"
  },
  {
    "Клиент": "да"
  },
  {
    "Менеджер": "делатьнастроилсброс"
  },
  {
    "Клиент": "я"
  },
  {
    "Менеджер": "через"
  },
  {
    "Клиент": "поняла"
  },
  {
    "Менеджер": "настройки"
  },
  {
    "Клиент": "яда"
  },
  {
    "Менеджер": "до"
  },
  {
    "Клиент": "японяла"
  },
  {
    "Менеджер": "самоеглавноеименновторойпунктвыбиратьчтоименносброснастройки"
  },
  {
    "Клиент": "хорошо"
  },
  {
    "Менеджер": "сетидо"
  },
  {
    "Клиент": "ладно"
  },
  {
    "Менеджер": "всегохорошегоднядо"
  },
  {
    "Клиент": "и"
  },
  {
    "Менеджер": "свидания"
  },
  {
    "Клиент": "вамтожедосвидания"
  }
]