[{"Менеджер": " Добрый день, магазин ISKES. Меня зовут Александр. Чем я могу помочь?"}, {"Клиент": " Александр, добрый день, меня зовут Анна."}, {"Клиент": " Скажите, пожалуйста, я у вас брала телефон на Георгия Димитрова,"}, {"Клиент": " а мне там какие-то бонусы должны были зачислить."}, {"Клиент": " Вот как посмотреть, есть у меня какие-то бонусы или нет?"}, {"Менеджер": " Так, одну минутку."}, {"Менеджер": " Так, у вас 1179 бонусов. Потратить сможете до 50% от стоимости товара на любые покупки."}, {"Клиент": " А можно посмотреть, там есть какие-нибудь беспроводные наушники?"}, {"Клиент": " Мне надо наушники сегодня срочно купить."}, {"Клиент": " Вот это потому что..."}, {"Менеджер": " Так, ну, Георгий Дмитриев."}, {"Клиент": " Да."}, {"Менеджер": " Так, одну минутку."}, {"Клиент": " Такие небольшие, которые в ухо вставляются."}, {"Менеджер": " Угу, я понял."}, {"Менеджер": " Так, ну, в принципе, да, есть наушники, есть ремаксы, есть и Apple, допустим."}, {"Клиент": " Ага, а недорогие-то какая там ценовая политика у них?"}, {"Менеджер": " То есть, да, да, конечно."}, {"Менеджер": " Но если прям недорогие, то от 1500 рублей выше."}, {"Клиент": " Там есть они, да?"}, {"Менеджер": " Да, да, они там есть."}, {"Клиент": " Ага, все, я поняла."}, {"Клиент": " Ладно, все, спасибо большое."}, {"Менеджер": " До свидания."}, {"Менеджер": " Спасибо."}]