[
    {
        "start":0.0,
        "end":4.5,
        "text":" Александр, добрый день, меня зовут Анна.",
        "channel":"Клиент"
    },
    {
        "start":4.66,
        "end":8.42,
        "text":" Скажите, пожалуйста, я у вас брала телефон на Георгия Димитрова,",
        "channel":"Клиент"
    },
    {
        "start":8.68,
        "end":10.8,
        "text":" а мне там какие-то бонусы должны были зачислить.",
        "channel":"Клиент"
    },
    {
        "start":10.94,
        "end":13.2,
        "text":" Вот как посмотреть, есть у меня какие-то бонусы или нет?",
        "channel":"Клиент"
    },
    {
        "start":30.0,
        "end":43.88,
        "text":" А можно посмотреть, там есть какие-нибудь беспроводные наушники?",
        "channel":"Клиент"
    },
    {
        "start":44.06,
        "end":45.78,
        "text":" Мне надо наушники сегодня срочно купить.",
        "channel":"Клиент"
    },
    {
        "start":46.68,
        "end":48.0,
        "text":" Вот это потому что...",
        "channel":"Клиент"
    },
    {
        "start":50.44,
        "end":50.72,
        "text":" Да.",
        "channel":"Клиент"
    },
    {
        "start":55.72,
        "end":58.26,
        "text":" Такие небольшие, которые в ухо вставляются.",
        "channel":"Клиент"
    },
    {
        "start":60.0,
        "end":72.24,
        "text":" Ага, а недорогие-то какая там ценовая политика у них?",
        "channel":"Клиент"
    },
    {
        "start":77.26,
        "end":78.4,
        "text":" Там есть они, да?",
        "channel":"Клиент"
    },
    {
        "start":79.9,
        "end":81.22,
        "text":" Ага, все, я поняла.",
        "channel":"Клиент"
    },
    {
        "start":81.52,
        "end":82.64,
        "text":" Ладно, все, спасибо большое.",
        "channel":"Клиент"
    }
]