[
    {
        "start":0.0,
        "end":2.36,
        "text":" Добрый день, магазин ISKES. Меня зовут Александр. Чем я могу помочь?",
        "channel":"Менеджер"
    },
    {
        "start":13.7,
        "end":14.82,
        "text":" Так, одну минутку.",
        "channel":"Менеджер"
    },
    {
        "start":30.0,
        "end":38.78,
        "text":" Так, у вас 1179 бонусов. Потратить сможете до 50% от стоимости товара на любые покупки.",
        "channel":"Менеджер"
    },
    {
        "start":48.34,
        "end":49.6,
        "text":" Так, ну, Георгий Дмитриев.",
        "channel":"Менеджер"
    },
    {
        "start":53.12,
        "end":54.7,
        "text":" Так, одну минутку.",
        "channel":"Менеджер"
    },
    {
        "start":59.0,
        "end":59.74,
        "text":" Угу, я понял.",
        "channel":"Менеджер"
    },
    {
        "start":60.68,
        "end":67.64,
        "text":" Так, ну, в принципе, да, есть наушники, есть ремаксы, есть и Apple, допустим.",
        "channel":"Менеджер"
    },
    {
        "start":68.22,
        "end":69.12,
        "text":" То есть, да, да, конечно.",
        "channel":"Менеджер"
    },
    {
        "start":72.68,
        "end":76.16,
        "text":" Но если прям недорогие, то от 1500 рублей выше.",
        "channel":"Менеджер"
    },
    {
        "start":78.56,
        "end":79.96,
        "text":" Да, да, они там есть.",
        "channel":"Менеджер"
    },
    {
        "start":82.66,
        "end":83.46,
        "text":" До свидания.",
        "channel":"Менеджер"
    },
    {
        "start":89.0,
        "end":90.0,
        "text":" Спасибо.",
        "channel":"Менеджер"
    }
]