[
    {
        "start":0.8,
        "end":1.28,
        "text":" Алло.",
        "channel":"Клиент"
    },
    {
        "start":4.88,
        "end":5.74,
        "text":" Да, здрасте.",
        "channel":"Клиент"
    },
    {
        "start":12.32,
        "end":12.8,
        "text":" Да.",
        "channel":"Клиент"
    },
    {
        "start":17.14,
        "end":19.3,
        "text":" Да, на сайте прям сейчас хотел оплатить.",
        "channel":"Клиент"
    },
    {
        "start":25.98,
        "end":26.9,
        "text":" Хорошо, спасибо.",
        "channel":"Клиент"
    },
    {
        "start":26.9,
        "end":27.02,
        "text":" Спасибо.",
        "channel":"Клиент"
    },
    {
        "start":27.02,
        "end":30.08,
        "text":" Спасибо, Станислав.",
        "channel":"Клиент"
    }
]