[
    {
        "start":0.0,
        "end":6.24,
        "text":" максим добрый день вас беспокоит магазина из кейс звоню по поводу вашего заказа на",
        "channel":"Менеджер"
    },
    {
        "start":6.24,
        "end":11.28,
        "text":" конструктор лего техник lamborghini huracan с доставкой в санкт-петербург",
        "channel":"Менеджер"
    },
    {
        "start":11.28,
        "end":20.0,
        "text":" до хотел починить у вас будет как оплата на сайте или же перевода на карту все",
        "channel":"Менеджер"
    },
    {
        "start":20.0,
        "end":27.9,
        "text":" хорошо тогда как только вы оплатите мы будем отправлять до хорошего дня до свидания",
        "channel":"Менеджер"
    },
    {
        "start":30.0,
        "end":32.0,
        "text":" а",
        "channel":"Менеджер"
    }
]