[{"Клиент": " Да, здравствуйте."}, {"Клиент": " Скажите, пожалуйста, а вот то, что на сайте у вас наличие в магазинах,"}, {"Менеджер": " Да, да, информация о наличии, да, актуальна."}, {"Клиент": " это соответствует действительности, вот если проехать, забрать?"}, {"Клиент": " Все у вас точно, все это пересортировка, все, она у вас актуальна."}, {"Клиент": " Все, спасибо большое."}, {"Клиент": " Я только вопрос."}, {"Клиент": " Да, все, спасибо большое."}, {"Менеджер": " Ну, если что, могу забронировать за вами товар."}, {"Клиент": " Да я сейчас доеду туда через течение получаса, я думаю, за полчаса меня не разберут."}, {"Менеджер": " Хорошо, хорошо, ждем вас. До свидания."}, {"Клиент": " Все, спасибо большое."}, {"Клиент": " Ага, спасибо."}]