[
    {
        "start":0.0,
        "end":4.96,
        "text":" Да, здравствуйте.",
        "channel":"Клиент"
    },
    {
        "start":5.14,
        "end":8.98,
        "text":" Скажите, пожалуйста, а вот то, что на сайте у вас наличие в магазинах,",
        "channel":"Клиент"
    },
    {
        "start":8.98,
        "end":11.98,
        "text":" это соответствует действительности, вот если проехать, забрать?",
        "channel":"Клиент"
    },
    {
        "start":12.06,
        "end":15.42,
        "text":" Все у вас точно, все это пересортировка, все, она у вас актуальна.",
        "channel":"Клиент"
    },
    {
        "start":15.74,
        "end":16.62,
        "text":" Все, спасибо большое.",
        "channel":"Клиент"
    },
    {
        "start":16.86,
        "end":17.5,
        "text":" Я только вопрос.",
        "channel":"Клиент"
    },
    {
        "start":18.6,
        "end":19.66,
        "text":" Да, все, спасибо большое.",
        "channel":"Клиент"
    },
    {
        "start":22.22,
        "end":26.06,
        "text":" Да я сейчас доеду туда через течение получаса, я думаю, за полчаса меня не разберут.",
        "channel":"Клиент"
    },
    {
        "start":26.22,
        "end":26.96,
        "text":" Все, спасибо большое.",
        "channel":"Клиент"
    },
    {
        "start":27.12,
        "end":27.5,
        "text":" Ага, спасибо.",
        "channel":"Клиент"
    }
]