[
    {
        "start":0.0,
        "end":17.9,
        "text":" Да, да, информация о наличии, да, актуальна.",
        "channel":"Менеджер"
    },
    {
        "start":17.9,
        "end":21.38,
        "text":" Ну, если что, могу забронировать за вами товар.",
        "channel":"Менеджер"
    },
    {
        "start":24.42,
        "end":28.74,
        "text":" Хорошо, хорошо, ждем вас. До свидания.",
        "channel":"Менеджер"
    }
]