[
    {
        "start":0.0,
        "end":9.94,
        "text":" Алло. Здравствуйте. Я вам сегодня звонила по поводу ремонта айфона 12.",
        "channel":"Клиент"
    },
    {
        "start":9.94,
        "end":12.82,
        "text":" Я не знаю, с вами разговаривал, нет, Дмитрий мне отвечал.",
        "channel":"Клиент"
    },
    {
        "start":16.14,
        "end":22.84,
        "text":" Айфон не видит карту, сим-карту. Ну, то есть все работает, кроме сим-карты, перезагрузка, все это там не помогло.",
        "channel":"Клиент"
    },
    {
        "start":23.34,
        "end":29.66,
        "text":" Хотела уточнить ремонт примерно в какую стоимость. Ну, я понимаю, что без диагностики не скажешь.",
        "channel":"Клиент"
    },
    {
        "start":30.0,
        "end":31.28,
        "text":" Вилка хотя бы какая-то.",
        "channel":"Клиент"
    },
    {
        "start":36.72,
        "end":41.24,
        "text":" Да, да, сим-карта работает, все нормально. То есть это именно телефон не видит.",
        "channel":"Клиент"
    },
    {
        "start":48.66,
        "end":49.68,
        "text":" Нет, не делала.",
        "channel":"Клиент"
    },
    {
        "start":51.7,
        "end":53.78,
        "text":" Что вы имеете в виду? Сброс настройок сети.",
        "channel":"Клиент"
    },
    {
        "start":60.0,
        "end":89.98,
        "text":" Сброс настройка сети.",
        "channel":"Клиент"
    },
    {
        "start":90.0,
        "end":119.98,
        "text":" Сброс настройка сети.",
        "channel":"Клиент"
    },
    {
        "start":120.0,
        "end":149.98,
        "text":" Сброс настройка сети.",
        "channel":"Клиент"
    },
    {
        "start":150.0,
        "end":179.98,
        "text":" Сброс настройка сети.",
        "channel":"Клиент"
    },
    {
        "start":180.0,
        "end":190.52,
        "text":" У меня Wi-Fi работает, то есть, ну, как бы интернет есть, сам телефон, кроме вот сети, все остальные функции в порядке.",
        "channel":"Клиент"
    },
    {
        "start":193.74,
        "end":194.18,
        "text":" Ну, понятно.",
        "channel":"Клиент"
    },
    {
        "start":199.08,
        "end":200.54,
        "text":" Да, я поняла вас.",
        "channel":"Клиент"
    },
    {
        "start":202.16,
        "end":204.86,
        "text":" Хорошо. Ладно, спасибо большое.",
        "channel":"Клиент"
    },
    {
        "start":206.7,
        "end":207.32,
        "text":" До свидания.",
        "channel":"Клиент"
    },
    {
        "start":208.26,
        "end":209.72,
        "text":" Да, да, да, я поняла.",
        "channel":"Клиент"
    },
    {
        "start":210.0,
        "end":211.42,
        "text":" Да, я, да, я поняла.",
        "channel":"Клиент"
    },
    {
        "start":214.88,
        "end":218.8,
        "text":" Ну, конечно, все, давайте, да. Хорошо, ладно.",
        "channel":"Клиент"
    },
    {
        "start":219.34,
        "end":219.66,
        "text":" Спасибо.",
        "channel":"Клиент"
    },
    {
        "start":219.94,
        "end":221.18,
        "text":" И вам тоже до свидания.",
        "channel":"Клиент"
    },
    {
        "start":226.04,
        "end":227.04,
        "text":" Спасибо.",
        "channel":"Клиент"
    }
]