[
    {
        "start":0.0,
        "end":2.6,
        "text":" Прошу вам помочь.",
        "channel":"Менеджер"
    },
    {
        "start":4.8,
        "end":5.84,
        "text":" Да, здравствуйте.",
        "channel":"Менеджер"
    },
    {
        "start":12.98,
        "end":14.26,
        "text":" Так, а какой вопрос?",
        "channel":"Менеджер"
    },
    {
        "start":30.0,
        "end":33.22,
        "text":" Ну, да, к сожалению, без диагностики я вам никак не скажу.",
        "channel":"Менеджер"
    },
    {
        "start":33.22,
        "end":36.64,
        "text":" Единственный момент, а вы пробовали сим-карту вставлять в какой-то другой телефон?",
        "channel":"Менеджер"
    },
    {
        "start":36.86,
        "end":38.34,
        "text":" То есть он в другом телефоне, видите?",
        "channel":"Менеджер"
    },
    {
        "start":41.46,
        "end":42.44,
        "text":" Так, хорошо.",
        "channel":"Менеджер"
    },
    {
        "start":42.62,
        "end":45.38,
        "text":" А сброс вы просто перезагружали в телефон?",
        "channel":"Менеджер"
    },
    {
        "start":45.64,
        "end":48.08,
        "text":" А сброс, допустим, настроек сети не делали?",
        "channel":"Менеджер"
    },
    {
        "start":50.96,
        "end":51.98,
        "text":" Так, смотрите.",
        "channel":"Менеджер"
    },
    {
        "start":54.48,
        "end":56.04,
        "text":" Сейчас я вам все объясню.",
        "channel":"Менеджер"
    },
    {
        "start":58.48,
        "end":59.04,
        "text":" Так.",
        "channel":"Менеджер"
    },
    {
        "start":59.04,
        "end":65.8,
        "text":" Так, прежде чем будете делать сброс, вам нужно будет записать где-нибудь пароли от Wi-Fi сетей,",
        "channel":"Менеджер"
    },
    {
        "start":65.88,
        "end":68.54,
        "text":" там от домашних, от рабочих, чтобы не забыть.",
        "channel":"Менеджер"
    },
    {
        "start":69.08,
        "end":69.28,
        "text":" Вот.",
        "channel":"Менеджер"
    },
    {
        "start":70.0,
        "end":78.62,
        "text":" В настройках заходите в основные, спускаетесь в самый низ, у вас будет перенос или сброс iPhone.",
        "channel":"Менеджер"
    },
    {
        "start":78.88,
        "end":85.04,
        "text":" То есть нажимаете на перенос или сброс iPhone, и там будет сбросить...",
        "channel":"Менеджер"
    },
    {
        "start":86.04,
        "end":87.4,
        "text":" Так, сейчас, минутку.",
        "channel":"Менеджер"
    },
    {
        "start":89.04,
        "end":89.26,
        "text":" Да.",
        "channel":"Менеджер"
    },
    {
        "start":89.7,
        "end":92.0,
        "text":" И там будет кнопка сбросить.",
        "channel":"Менеджер"
    },
    {
        "start":92.0,
        "end":95.92,
        "text":" То есть нажимаете на сбросить и выбираете сбросить настройки сети.",
        "channel":"Менеджер"
    },
    {
        "start":97.82,
        "end":97.86,
        "text":" Вот.",
        "channel":"Менеджер"
    },
    {
        "start":98.1,
        "end":99.34,
        "text":" То есть вторую...",
        "channel":"Менеджер"
    },
    {
        "start":99.34,
        "end":102.06,
        "text":" Остальное ничего не трогайте, только именно сбросить настройки сети.",
        "channel":"Менеджер"
    },
    {
        "start":102.18,
        "end":109.0,
        "text":" Он у вас сбрасывает настройки сети, там у вас будут сброшены все операторские настройки, будут сброшены все Wi-Fi настройки.",
        "channel":"Менеджер"
    },
    {
        "start":110.18,
        "end":110.42,
        "text":" Вот.",
        "channel":"Менеджер"
    },
    {
        "start":111.36,
        "end":114.78,
        "text":" Вставите сим-карту, у вас должна произойти регистрация сим-карты.",
        "channel":"Менеджер"
    },
    {
        "start":114.78,
        "end":117.78,
        "text":" Но если вдруг этого не произошло, то...",
        "channel":"Менеджер"
    },
    {
        "start":119.04,
        "end":124.34,
        "text":" Предварительно где-нибудь в интернете поищите настройки вашего сотового оператора.",
        "channel":"Менеджер"
    },
    {
        "start":124.72,
        "end":128.2,
        "text":" Там, допустим, Мегафон, МТС или же там Beeline, например.",
        "channel":"Менеджер"
    },
    {
        "start":129.02,
        "end":129.24,
        "text":" Да.",
        "channel":"Менеджер"
    },
    {
        "start":129.7,
        "end":132.36,
        "text":" И уже, если что, тогда вручную будете настраиваться.",
        "channel":"Менеджер"
    },
    {
        "start":132.88,
        "end":134.8,
        "text":" То есть, по идее, как бы должно помочь.",
        "channel":"Менеджер"
    },
    {
        "start":134.98,
        "end":139.04,
        "text":" Но если и это не поможет, то тогда только уже приносить на диагностику.",
        "channel":"Менеджер"
    },
    {
        "start":139.04,
        "end":140.42,
        "text":" Конечно, делать так.",
        "channel":"Менеджер"
    },
    {
        "start":140.88,
        "end":146.04,
        "text":" Если вы, например, как специальная экспертиза, то вы не разгоряете.",
        "channel":"Менеджер"
    },
    {
        "start":147.04,
        "end":148.04,
        "text":" То есть, если вы...",
        "channel":"Менеджер"
    },
    {
        "start":149.04,
        "end":154.7,
        "text":" Ну, да, конечно, сложный ремонт, это все возможно.",
        "channel":"Менеджер"
    },
    {
        "start":155.0,
        "end":156.7,
        "text":" Сложный ремонт, это все возможно.",
        "channel":"Менеджер"
    },
    {
        "start":157.96,
        "end":165.64,
        "text":" Просто единственное, я говорю, что я не знаю, какие конкретно именно работы нужно проводить.",
        "channel":"Менеджер"
    },
    {
        "start":165.64,
        "end":171.82,
        "text":" Ну, а рассчитывается, что примерно от 2000 рублей будет стоимость работы.",
        "channel":"Менеджер"
    },
    {
        "start":173.92,
        "end":174.0,
        "text":" Да.",
        "channel":"Менеджер"
    },
    {
        "start":175.24,
        "end":176.48,
        "text":" То есть, как бы оттуда...",
        "channel":"Менеджер"
    },
    {
        "start":176.48,
        "end":178.16,
        "text":" Потому что я не знаю, может быть, это что-то будет...",
        "channel":"Менеджер"
    },
    {
        "start":178.16,
        "end":178.92,
        "text":" Где?",
        "channel":"Менеджер"
    },
    {
        "start":179.04,
        "end":180.52,
        "text":" Это будет именно с самим модемом.",
        "channel":"Менеджер"
    },
    {
        "start":180.84,
        "end":185.84,
        "text":" Это будет именно работа по ремонту модема, а это паевка.",
        "channel":"Менеджер"
    },
    {
        "start":191.62,
        "end":195.86,
        "text":" Ну, это вот попробуйте сначала сделать именно сброс сети.",
        "channel":"Менеджер"
    },
    {
        "start":195.98,
        "end":196.72,
        "text":" Должно помочь.",
        "channel":"Менеджер"
    },
    {
        "start":196.84,
        "end":201.72,
        "text":" Ну, как бы я, конечно, не гарантирую, что 100% поможет, но должно помочь, потому что это иногда такое бывает.",
        "channel":"Менеджер"
    },
    {
        "start":205.48,
        "end":206.6,
        "text":" Да, до свидания.",
        "channel":"Менеджер"
    },
    {
        "start":206.6,
        "end":208.88,
        "text":" Вы поняли, да, как сделать сброс?",
        "channel":"Менеджер"
    },
    {
        "start":209.04,
        "end":209.96,
        "text":" Через настройки.",
        "channel":"Менеджер"
    },
    {
        "start":210.76,
        "end":210.98,
        "text":" Угу.",
        "channel":"Менеджер"
    },
    {
        "start":211.92,
        "end":216.36,
        "text":" Да, самое главное, именно второй пункт выбирать, что именно сброс настройки сети.",
        "channel":"Менеджер"
    },
    {
        "start":217.0,
        "end":217.48,
        "text":" Да.",
        "channel":"Менеджер"
    },
    {
        "start":218.18,
        "end":219.64,
        "text":" Все, хорошего дня, до свидания.",
        "channel":"Менеджер"
    },
    {
        "start":219.64,
        "end":220.16,
        "text":" До свидания.",
        "channel":"Менеджер"
    },
    {
        "start":220.22,
        "end":220.64,
        "text":" До свидания.",
        "channel":"Менеджер"
    },
    {
        "start":220.64,
        "end":220.92,
        "text":" До свидания.",
        "channel":"Менеджер"
    },
    {
        "start":220.96,
        "end":221.84,
        "text":" До свидания.",
        "channel":"Менеджер"
    },
    {
        "start":221.84,
        "end":222.14,
        "text":" До свидания.",
        "channel":"Менеджер"
    },
    {
        "start":222.14,
        "end":222.8,
        "text":" До свидания.",
        "channel":"Менеджер"
    },
    {
        "start":225.04,
        "end":227.88,
        "text":" До свидания.",
        "channel":"Менеджер"
    },
    {
        "start":227.88,
        "end":229.38,
        "text":" До свидания.",
        "channel":"Менеджер"
    },
    {
        "start":229.38,
        "end":231.02,
        "text":" До свидания.",
        "channel":"Менеджер"
    },
    {
        "start":231.02,
        "end":232.5,
        "text":" До свидания.",
        "channel":"Менеджер"
    },
    {
        "start":234.34,
        "end":235.34,
        "text":" До свидания.",
        "channel":"Менеджер"
    },
    {
        "start":236.02,
        "end":240.16,
        "text":" Для zodiac's quer johnroleер, die",
        "channel":"Менеджер"
    },
    {
        "start":240.16,
        "end":249.6,
        "text":" considering Latin virtue guide to all humans.",
        "channel":"Менеджер"
    }
]