[
    {
        "start":0.0,
        "end":8.64,
        "text":" а здрасте мне бы с каким-то сервисом который по с ошибками обновлений может",
        "channel":"Клиент"
    },
    {
        "start":8.64,
        "end":20.14,
        "text":" помочь не знаю какой филиал корректнее позвонить в двух словах до самая вот",
        "channel":"Клиент"
    },
    {
        "start":20.14,
        "end":26.94,
        "text":" отстойная ошибка при обновлении тюнс с айтюнс она где-то 50 60 выскочила",
        "channel":"Клиент"
    },
    {
        "start":26.94,
        "end":33.56,
        "text":" невозможно обновить ошибка минус 1 и загуглил она самая мерзкая и собственно",
        "channel":"Клиент"
    },
    {
        "start":33.56,
        "end":40.46,
        "text":" при подключении при перезагрузке через как там принудительный",
        "channel":"Клиент"
    },
    {
        "start":40.46,
        "end":48.82,
        "text":" принудительную перезагрузку это плюс-минус вот подключаю нажимаю апдейт",
        "channel":"Клиент"
    },
    {
        "start":48.82,
        "end":56.7,
        "text":" iphone recovery моде и он не работает ну прям очень плохо вот хотелось бы узнать",
        "channel":"Клиент"
    },
    {
        "start":56.94,
        "end":60.94,
        "text":" работаете с таким и какой сервис",
        "channel":"Клиент"
    },
    {
        "start":65.66,
        "end":71.58,
        "text":" георгия димитрова а вижу давайте попробую дозвониться сенона наверно",
        "channel":"Клиент"
    },
    {
        "start":71.58,
        "end":75.26,
        "text":" сегодня работа на попробуем хорошо",
        "channel":"Клиент"
    },
    {
        "start":76.82,
        "end":85.62,
        "text":" жестко но попробую спасибо но давайте я вроде вижу надрать записываю",
        "channel":"Клиент"
    },
    {
        "start":85.62,
        "end":86.62,
        "text":" на",
        "channel":"Клиент"
    },
    {
        "start":86.94,
        "end":88.94,
        "text":" 987",
        "channel":"Клиент"
    },
    {
        "start":88.94,
        "end":98.94,
        "text":" ага ну да он как на сайте хорошо супер отзвонюсь спасибо",
        "channel":"Клиент"
    }
]