[
    {
        "start":0.0,
        "end":2.68,
        "text":" Добрый день, магазин IceCase. Меня зовут Александр. Чем могу помочь?",
        "channel":"Менеджер"
    },
    {
        "start":13.32,
        "end":16.24,
        "text":" У вас ошибка в обновлении произошла?",
        "channel":"Менеджер"
    },
    {
        "start":16.56,
        "end":16.92,
        "text":" Айфона?",
        "channel":"Менеджер"
    },
    {
        "start":30.0,
        "end":31.0,
        "text":" Айфона?",
        "channel":"Менеджер"
    },
    {
        "start":60.0,
        "end":67.26,
        "text":" Так, ну, можете обратиться на Георгий Димитров, 104. Там ребята более опытные в плане прошивок. Вот, они могут подсказать вам.",
        "channel":"Менеджер"
    },
    {
        "start":73.26,
        "end":76.56,
        "text":" Нет, причем мы работаем каждый день, без выходных. Можете позвонить.",
        "channel":"Менеджер"
    },
    {
        "start":77.82,
        "end":81.34,
        "text":" Запишите номер телефона, если удобно.",
        "channel":"Менеджер"
    },
    {
        "start":86.18,
        "end":86.98,
        "text":" 987.",
        "channel":"Менеджер"
    },
    {
        "start":89.58,
        "end":89.98,
        "text":" 987.",
        "channel":"Менеджер"
    },
    {
        "start":90.0,
        "end":90.8,
        "text":" 936.",
        "channel":"Менеджер"
    },
    {
        "start":92.54,
        "end":93.66,
        "text":" 4010.",
        "channel":"Менеджер"
    },
    {
        "start":98.34,
        "end":100.36,
        "text":" До свидания.",
        "channel":"Менеджер"
    }
]