[{"Менеджер": " Добрый вечер, магазин ISK, меня зовут Игнат, могу помочь?"}, {"Клиент": " Добрый вечер, а мне нужно"}, {"Клиент": " соединиться с магазином на Мичурино"}, {"Клиент": " Самар"}, {"Менеджер": " Соединить, к сожалению, не могу, могу ваш номер телефона передать, чтобы вам перезвонили."}, {"Клиент": " Я просто задавал на замену"}, {"Менеджер": " А подскажите, пожалуйста, по какому вопросу?"}, {"Менеджер": " Айпад 4.13?"}, {"Клиент": " экран на телефон, обещали"}, {"Клиент": " сегодня сделать, что-то не звонят"}, {"Клиент": " Мне нужно знать, когда забрать"}, {"Менеджер": " Так, а уточните, точно на Мичурин 120? Просто у нас там нет мастерской?"}, {"Менеджер": " Или просто отдали туда?"}, {"Менеджер": " Да."}, {"Клиент": " Нет, возможно, в общем"}, {"Менеджер": " Может быть, на клиническую 25?"}, {"Клиент": " Да, клиническая 25"}, {"Менеджер": " Хорошо, как подохну."}, {"Клиент": " Правильно"}, {"Менеджер": " Ага, все, хорошо, сейчас тогда передам."}, {"Клиент": " Спасибо"}, {"Менеджер": " Отдождать звонка."}, {"Клиент": " Да, спасибо"}]