[
    {
        "start":0.0,
        "end":5.84,
        "text":" Добрый вечер, а мне нужно",
        "channel":"Клиент"
    },
    {
        "start":5.84,
        "end":7.92,
        "text":" соединиться с магазином на Мичурино",
        "channel":"Клиент"
    },
    {
        "start":7.92,
        "end":8.64,
        "text":" Самар",
        "channel":"Клиент"
    },
    {
        "start":8.64,
        "end":18.26,
        "text":" Я просто задавал на замену",
        "channel":"Клиент"
    },
    {
        "start":18.26,
        "end":20.16,
        "text":" экран на телефон, обещали",
        "channel":"Клиент"
    },
    {
        "start":20.16,
        "end":21.72,
        "text":" сегодня сделать, что-то не звонят",
        "channel":"Клиент"
    },
    {
        "start":21.72,
        "end":22.98,
        "text":" Мне нужно знать, когда забрать",
        "channel":"Клиент"
    },
    {
        "start":22.98,
        "end":31.16,
        "text":" Нет, возможно, в общем",
        "channel":"Клиент"
    },
    {
        "start":31.16,
        "end":33.32,
        "text":" Да, клиническая 25",
        "channel":"Клиент"
    },
    {
        "start":33.32,
        "end":34.28,
        "text":" Правильно",
        "channel":"Клиент"
    },
    {
        "start":34.28,
        "end":38.54,
        "text":" Спасибо",
        "channel":"Клиент"
    },
    {
        "start":38.54,
        "end":41.5,
        "text":" Да, спасибо",
        "channel":"Клиент"
    }
]