[
    {
        "start":0.96,
        "end":3.46,
        "text":" Добрый вечер, магазин ISK, меня зовут Игнат, могу помочь?",
        "channel":"Менеджер"
    },
    {
        "start":9.44,
        "end":13.46,
        "text":" Соединить, к сожалению, не могу, могу ваш номер телефона передать, чтобы вам перезвонили.",
        "channel":"Менеджер"
    },
    {
        "start":13.54,
        "end":15.1,
        "text":" А подскажите, пожалуйста, по какому вопросу?",
        "channel":"Менеджер"
    },
    {
        "start":15.86,
        "end":17.02,
        "text":" Айпад 4.13?",
        "channel":"Менеджер"
    },
    {
        "start":22.24,
        "end":25.62,
        "text":" Так, а уточните, точно на Мичурин 120? Просто у нас там нет мастерской?",
        "channel":"Менеджер"
    },
    {
        "start":26.14,
        "end":27.02,
        "text":" Или просто отдали туда?",
        "channel":"Менеджер"
    },
    {
        "start":27.02,
        "end":27.1,
        "text":" Да.",
        "channel":"Менеджер"
    },
    {
        "start":27.1,
        "end":31.18,
        "text":" Может быть, на клиническую 25?",
        "channel":"Менеджер"
    },
    {
        "start":32.04,
        "end":33.26,
        "text":" Хорошо, как подохну.",
        "channel":"Менеджер"
    },
    {
        "start":34.3,
        "end":36.38,
        "text":" Ага, все, хорошо, сейчас тогда передам.",
        "channel":"Менеджер"
    },
    {
        "start":38.08,
        "end":39.52,
        "text":" Отдождать звонка.",
        "channel":"Менеджер"
    }
]