[
    {
        "start":0.0,
        "end":5.44,
        "text":" Здравствуйте.",
        "channel":"Клиент"
    },
    {
        "start":5.44,
        "end":5.48,
        "text":" Здравствуйте.",
        "channel":"Клиент"
    },
    {
        "start":15.28,
        "end":17.06,
        "text":" У меня есть бонус.",
        "channel":"Клиент"
    },
    {
        "start":17.42,
        "end":21.06,
        "text":" Я приехать смогу только в следующий вторник.",
        "channel":"Клиент"
    },
    {
        "start":21.14,
        "end":23.64,
        "text":" Я заказала, а у меня...",
        "channel":"Клиент"
    },
    {
        "start":23.64,
        "end":25.16,
        "text":" А я улетаю в Сочи.",
        "channel":"Клиент"
    },
    {
        "start":25.4,
        "end":28.12,
        "text":" Мне кажется, я не успею забрать сегодня уже.",
        "channel":"Клиент"
    },
    {
        "start":28.12,
        "end":40.44,
        "text":" Ну да, купить-то я куплю, но просто улетаю еще.",
        "channel":"Клиент"
    },
    {
        "start":48.72,
        "end":51.74,
        "text":" Ну давайте. Хорошо, я сразу приеду, куплю.",
        "channel":"Клиент"
    },
    {
        "start":52.06,
        "end":53.88,
        "text":" Все. Бонусы не потеряются, ничего?",
        "channel":"Клиент"
    },
    {
        "start":53.88,
        "end":56.74,
        "text":" А, все, спасибо.",
        "channel":"Клиент"
    }
]