[
    {
        "start":0.0,
        "end":6.8,
        "text":" а на добрый день магазина из кейс беспокоит до звони по поводу вашего",
        "channel":"Менеджер"
    },
    {
        "start":6.8,
        "end":11.6,
        "text":" интернет-заказа на earpods вторые они у вас забронирована 22 портьезда цена 10",
        "channel":"Менеджер"
    },
    {
        "start":11.6,
        "end":15.86,
        "text":" тысяч пятьдесят пятьдесят рублей цена со скидкой за наличный расчет а у вас",
        "channel":"Менеджер"
    },
    {
        "start":15.86,
        "end":20.44,
        "text":" бонусы да у вас 8",
        "channel":"Менеджер"
    },
    {
        "start":20.44,
        "end":34.24,
        "text":" а но у нас просто брось его 3 дня из лица а вы только на следующий вторник",
        "channel":"Менеджер"
    },
    {
        "start":34.24,
        "end":46.36,
        "text":" приедете так сейчас давайте тогда как вас тут давайте мы просто сейчас отменим",
        "channel":"Менеджер"
    },
    {
        "start":46.36,
        "end":50.44,
        "text":" заказ а вы уже там как прилетите заново сформируйте заказ",
        "channel":"Менеджер"
    },
    {
        "start":50.44,
        "end":59.68,
        "text":" все нет они сейчас вернутся хорошо",
        "channel":"Менеджер"
    }
]