[
    {
        "start":0.0,
        "end":5.74,
        "text":" Дмитрий, здравствуйте. Меня зовут Мария.",
        "channel":"Клиент"
    },
    {
        "start":6.16,
        "end":11.44,
        "text":" У меня вопрос по поводу ремонта iPhone 12 Pro. Можно вам задать?",
        "channel":"Клиент"
    },
    {
        "start":13.9,
        "end":16.2,
        "text":" У меня iPhone перестал видеть сим-карту.",
        "channel":"Клиент"
    },
    {
        "start":17.1,
        "end":22.44,
        "text":" То есть у меня где-то пару недель назад, ну, случилось так, что то же самое было, да,",
        "channel":"Клиент"
    },
    {
        "start":22.52,
        "end":23.94,
        "text":" то есть он как будто не видит сим-карту.",
        "channel":"Клиент"
    },
    {
        "start":23.94,
        "end":27.78,
        "text":" Я подумала, что сим-карта как бы сломалась, пошла ее поменял.",
        "channel":"Клиент"
    },
    {
        "start":27.78,
        "end":30.58,
        "text":" Две недели все было хорошо, и вчера снова.",
        "channel":"Клиент"
    },
    {
        "start":31.04,
        "end":35.28,
        "text":" Я его перезагружала, ну, то есть все действия, которые можно сделать, я сделала.",
        "channel":"Клиент"
    },
    {
        "start":35.92,
        "end":38.44,
        "text":" Вставила сим-карту в другой телефон, там она работает.",
        "channel":"Клиент"
    },
    {
        "start":39.86,
        "end":43.76,
        "text":" Вот. Я хотела спросить, вы с этим сталкивались, можете что-то сделать или нет?",
        "channel":"Клиент"
    },
    {
        "start":54.68,
        "end":55.12,
        "text":" Да.",
        "channel":"Клиент"
    },
    {
        "start":57.78,
        "end":63.5,
        "text":" Так.",
        "channel":"Клиент"
    },
    {
        "start":82.92,
        "end":83.5,
        "text":" Угу.",
        "channel":"Клиент"
    },
    {
        "start":86.3,
        "end":87.36,
        "text":" Это просто перезагрузка.",
        "channel":"Клиент"
    },
    {
        "start":87.78,
        "end":89.64,
        "text":" когда то есть это не сброс настроек ничего",
        "channel":"Клиент"
    },
    {
        "start":89.64,
        "end":92.6,
        "text":" это просто перезагрузка",
        "channel":"Клиент"
    },
    {
        "start":111.52,
        "end":113.98,
        "text":" таков но в любой можно магазин или в",
        "channel":"Клиент"
    },
    {
        "start":113.98,
        "end":121.1,
        "text":" какой-то определенный к вам хорошо",
        "channel":"Клиент"
    },
    {
        "start":121.1,
        "end":125.14,
        "text":" что-то еще хотел спросить а ну понятно",
        "channel":"Клиент"
    },
    {
        "start":125.14,
        "end":127.54,
        "text":" все это на месте а еще такой вопрос вот",
        "channel":"Клиент"
    },
    {
        "start":127.54,
        "end":130.0,
        "text":" это перезагрузка я ее делаю вставленной",
        "channel":"Клиент"
    },
    {
        "start":130.0,
        "end":132.8,
        "text":" сим-карты верно",
        "channel":"Клиент"
    },
    {
        "start":136.58,
        "end":140.98,
        "text":" нет нет нет это все да это как бы все простые",
        "channel":"Клиент"
    },
    {
        "start":140.98,
        "end":143.44,
        "text":" действия и проверки были проведены все",
        "channel":"Клиент"
    },
    {
        "start":143.44,
        "end":143.94,
        "text":" нормально",
        "channel":"Клиент"
    },
    {
        "start":143.94,
        "end":151.08,
        "text":" да хорошо спасибо дмитрий",
        "channel":"Клиент"
    }
]