[
    {
        "start":0.2,
        "end":2.84,
        "text":" Добрый день, магазин IceCase. Меня зовут Дмитрий. Чем могу помочь?",
        "channel":"Менеджер"
    },
    {
        "start":11.6,
        "end":12.52,
        "text":" Да, конечно.",
        "channel":"Менеджер"
    },
    {
        "start":30.0,
        "end":59.98,
        "text":" Добрый день.",
        "channel":"Менеджер"
    },
    {
        "start":60.0,
        "end":62.48,
        "text":" Громкость плюс, громкость минус и кнопка блокировки.",
        "channel":"Менеджер"
    },
    {
        "start":63.92,
        "end":66.42,
        "text":" Так называемая принудительная перезагрузка.",
        "channel":"Менеджер"
    },
    {
        "start":66.72,
        "end":67.62,
        "text":" Как это сделать?",
        "channel":"Менеджер"
    },
    {
        "start":68.28,
        "end":70.7,
        "text":" Вам нужно последовательность клавиш нажать.",
        "channel":"Менеджер"
    },
    {
        "start":70.84,
        "end":76.74,
        "text":" Сначала один раз кнопку плюс, потом кнопку минус один раз и кнопку блокировки.",
        "channel":"Менеджер"
    },
    {
        "start":77.06,
        "end":80.6,
        "text":" Зажать ее и держать ее до тех пор, пока телефон сам не перезагрузится.",
        "channel":"Менеджер"
    },
    {
        "start":80.82,
        "end":85.18,
        "text":" То есть он там появится яблочко на экране, игнорируя все уведомления на телефоне.",
        "channel":"Менеджер"
    },
    {
        "start":85.18,
        "end":87.92,
        "text":" Он должен сделать сам перезагрузку.",
        "channel":"Менеджер"
    },
    {
        "start":90.0,
        "end":92.32,
        "text":" Нет, это принудительная перезагрузка.",
        "channel":"Менеджер"
    },
    {
        "start":92.42,
        "end":95.78,
        "text":" Это специальная перезагрузка, которая сбрасывает системные ошибки.",
        "channel":"Менеджер"
    },
    {
        "start":96.78,
        "end":105.32,
        "text":" Если после этой процедуры проблема останется, то в таком случае уже надо будет прийти к нам в магазин на диагностику.",
        "channel":"Менеджер"
    },
    {
        "start":105.56,
        "end":109.62,
        "text":" Диагностика проходит от часу до двой суток, в зависимости от проблемы.",
        "channel":"Менеджер"
    },
    {
        "start":111.28,
        "end":113.16,
        "text":" А диагностика бесплатная.",
        "channel":"Менеджер"
    },
    {
        "start":115.86,
        "end":118.8,
        "text":" Практически в любой, кроме Карла Маркса и Мичулина.",
        "channel":"Менеджер"
    },
    {
        "start":119.02,
        "end":119.98,
        "text":" В остальные можно прийти.",
        "channel":"Менеджер"
    },
    {
        "start":120.0,
        "end":134.66,
        "text":" Да, да, да, да, вы просто ставите себе карту и делаете все, как положено.",
        "channel":"Менеджер"
    },
    {
        "start":134.86,
        "end":137.92,
        "text":" Еще момент, у вас память не перезагружена случайно?",
        "channel":"Менеджер"
    },
    {
        "start":138.82,
        "end":139.26,
        "text":" Ну все.",
        "channel":"Менеджер"
    },
    {
        "start":140.16,
        "end":140.46,
        "text":" Ага.",
        "channel":"Менеджер"
    },
    {
        "start":142.46,
        "end":144.12,
        "text":" Я понял.",
        "channel":"Менеджер"
    },
    {
        "start":144.12,
        "end":149.88,
        "text":" Ну тогда значит попробуйте взять перезагрузку, которую я вам сказал, и там уже проверьте, будет работать или нет.",
        "channel":"Менеджер"
    },
    {
        "start":150.0,
        "end":151.7,
        "text":" Ага.",
        "channel":"Менеджер"
    },
    {
        "start":151.7,
        "end":153.16,
        "text":" Все, хорошего дня, до свидания.",
        "channel":"Менеджер"
    },
    {
        "start":153.16,
        "end":154.32,
        "text":" До свидания.",
        "channel":"Менеджер"
    }
]