[
    {
        "start":0.0,
        "end":9.0,
        "text":" здрасьте дмитрия скажите сегодня какая цена на 14 iphone",
        "channel":"Клиент"
    },
    {
        "start":9.0,
        "end":14.28,
        "text":" 128 до черной",
        "channel":"Клиент"
    },
    {
        "start":14.28,
        "end":28.26,
        "text":" 64 короче понятно блин дорого уже не актуально я думал у вас может цена",
        "channel":"Клиент"
    },
    {
        "start":28.26,
        "end":35.5,
        "text":" ну по отношению например кай центру они предлагают",
        "channel":"Клиент"
    },
    {
        "start":35.5,
        "end":40.32,
        "text":" 58 тысяч на сегодня то есть у вас там только и уместен какой-нибудь нет",
        "channel":"Клиент"
    },
    {
        "start":58.26,
        "end":66.94,
        "text":" ну понятно понятно ладно спасибо пока спасибо",
        "channel":"Клиент"
    }
]