[
    {
        "start":0.36,
        "end":2.92,
        "text":" Добрый день, магазин Ice Case. Меня зовут Дмитрий. Чем могу помочь?",
        "channel":"Менеджер"
    },
    {
        "start":9.84,
        "end":12.4,
        "text":" 14-й, какой объем памяти интересует? 128?",
        "channel":"Менеджер"
    },
    {
        "start":15.08,
        "end":17.0,
        "text":" 63 900 за наличный расчет.",
        "channel":"Менеджер"
    },
    {
        "start":26.2,
        "end":29.72,
        "text":" А дороже по отношению к чему?",
        "channel":"Менеджер"
    },
    {
        "start":30.0,
        "end":43.18,
        "text":" Смотрите, тут ситуация какая произошла.",
        "channel":"Менеджер"
    },
    {
        "start":43.18,
        "end":47.22,
        "text":" Я позавчера же курс скаканул из-за санкций от страны США.",
        "channel":"Менеджер"
    },
    {
        "start":47.36,
        "end":50.04,
        "text":" Из-за этого вчера была новая поставка, и цена повысилась.",
        "channel":"Менеджер"
    },
    {
        "start":50.54,
        "end":55.08,
        "text":" К сожалению, максимум, который мы можем сделать скидку, за 63 тысячи ровно.",
        "channel":"Менеджер"
    },
    {
        "start":55.56,
        "end":58.34,
        "text":" Это будет с гарантией совсем. Новые устройства.",
        "channel":"Менеджер"
    },
    {
        "start":60.0,
        "end":68.08,
        "text":" Хорошо. До свидания.",
        "channel":"Менеджер"
    },
    {
        "start":73.18,
        "end":74.18,
        "text":" Спасибо.",
        "channel":"Менеджер"
    }
]