[
    {
        "start":0.0,
        "end":10.36,
        "text":" Здравствуйте, Дмитрий, я хотела спросить, а у вас есть в наличии чехол для iPad Air 1 модель?",
        "channel":"Клиент"
    },
    {
        "start":14.04,
        "end":18.5,
        "text":" Ага, понятно, ну ладно, спасибо. До свидания.",
        "channel":"Клиент"
    },
    {
        "start":19.22,
        "end":19.86,
        "text":" До свидания.",
        "channel":"Клиент"
    }
]