[
    {
        "start":0.0,
        "end":5.0,
        "text":" добрый вечер магазина из песни за у дмитриевича могу помочь",
        "channel":"Менеджер"
    },
    {
        "start":10.52,
        "end":15.4,
        "text":" по первому нет таких нет чехлов",
        "channel":"Менеджер"
    },
    {
        "start":16.76,
        "end":20.44,
        "text":" хороший вечер до свидания",
        "channel":"Менеджер"
    }
]