[
    {
        "start":0.0,
        "end":8.28,
        "text":" дмитрий здравствуйте мы по моему сегодня с вами разговорить о моих он на сергей заказывать черный",
        "channel":"Клиент"
    },
    {
        "start":8.28,
        "end":17.68,
        "text":" 512 память дам давайте мне еще нужен будет пылесос тоже сразу моска сейчас покажу какой",
        "channel":"Клиент"
    },
    {
        "start":17.68,
        "end":30.94,
        "text":" помощь вам на сайт зайду каталог там смартфон там бытовая техника и пылесоса я прошу нет это",
        "channel":"Клиент"
    },
    {
        "start":30.94,
        "end":42.82,
        "text":" вертикальная пылесоса вот этот он давать позвонит dream в 11 но он неплохой я так понимаю так",
        "channel":"Клиент"
    },
    {
        "start":42.82,
        "end":46.32,
        "text":" остальные там",
        "channel":"Клиент"
    },
    {
        "start":46.32,
        "end":47.66,
        "text":" тоже",
        "channel":"Клиент"
    },
    {
        "start":47.66,
        "end":56.9,
        "text":" dream 11 это тоже xiaomi да ну а сервисный центр у вас же тоже да если что это понимать",
        "channel":"Клиент"
    },
    {
        "start":56.9,
        "end":70.52,
        "text":" так да на самарской скажите мне еще вот такой вопрос так что лучше что вот я просто",
        "channel":"Клиент"
    },
    {
        "start":77.66,
        "end":104.76,
        "text":" просто я скорее напovan",
        "channel":"Клиент"
    },
    {
        "start":104.76,
        "end":106.66,
        "text":" просто смотрю там есть от у 20 это",
        "channel":"Клиент"
    },
    {
        "start":106.66,
        "end":112.96,
        "text":" Нам надо, чтобы мощно он сосал, все убирал, все крошки там с пола, там везде все это, волосы собирал.",
        "channel":"Клиент"
    },
    {
        "start":114.22,
        "end":116.56,
        "text":" Вот, он волосы собирает, все тоже, да?",
        "channel":"Клиент"
    },
    {
        "start":120.56,
        "end":124.28,
        "text":" Все, чистится легко, там же не надо никаких фильтров, да, я понимаю, так, Дмитрий?",
        "channel":"Клиент"
    },
    {
        "start":125.8,
        "end":126.34,
        "text":" Я имею в виду.",
        "channel":"Клиент"
    },
    {
        "start":130.22,
        "end":134.12,
        "text":" И все, да, я к тому, что не покупать там дополнительный фильтр, приходить там.",
        "channel":"Клиент"
    },
    {
        "start":135.24,
        "end":135.58,
        "text":" Вот, да.",
        "channel":"Клиент"
    },
    {
        "start":136.66,
        "end":139.64,
        "text":" Все, я понял, тогда бронируйте тоже в Носоморск, тоже заберу.",
        "channel":"Клиент"
    },
    {
        "start":142.02,
        "end":145.48,
        "text":" Все, договорились тогда на связи, спасибо, буду ждать звоночка от вас.",
        "channel":"Клиент"
    }
]