[
    {
        "start":0.0,
        "end":2.84,
        "text":" Добрый день, магазин IceCase. Меня зовут Дмитрий. Чем могу помочь?",
        "channel":"Менеджер"
    },
    {
        "start":8.54,
        "end":9.74,
        "text":" Так, да.",
        "channel":"Менеджер"
    },
    {
        "start":13.82,
        "end":14.94,
        "text":" Какой пылесос?",
        "channel":"Менеджер"
    },
    {
        "start":25.44,
        "end":26.7,
        "text":" Бытовая техника.",
        "channel":"Менеджер"
    },
    {
        "start":30.0,
        "end":52.72,
        "text":" Да, это с дочерней компанией Xiaomi.",
        "channel":"Менеджер"
    },
    {
        "start":56.06,
        "end":58.84,
        "text":" Если что, да, можно будет у нас кто-то сдать.",
        "channel":"Менеджер"
    },
    {
        "start":58.98,
        "end":59.96,
        "text":" Тоже ремонтируем.",
        "channel":"Менеджер"
    },
    {
        "start":60.0,
        "end":60.86,
        "text":" И обслуживаем.",
        "channel":"Менеджер"
    },
    {
        "start":61.8,
        "end":63.2,
        "text":" Так, бронируем на Самарской, да?",
        "channel":"Менеджер"
    },
    {
        "start":71.5,
        "end":76.24,
        "text":" Ну, на самом деле, я как бы тоже недавно клиентам советовал V11.",
        "channel":"Менеджер"
    },
    {
        "start":76.38,
        "end":78.26,
        "text":" Это прям как бы цена-качество на данный момент.",
        "channel":"Менеджер"
    },
    {
        "start":78.44,
        "end":80.28,
        "text":" Пока он есть в наличии, стоит купить.",
        "channel":"Менеджер"
    },
    {
        "start":80.44,
        "end":84.22,
        "text":" То есть у него очень хорошее как бы и мощное всасывание, и комплектация.",
        "channel":"Менеджер"
    },
    {
        "start":86.54,
        "end":88.52,
        "text":" Довольно-таки хорошая моделька.",
        "channel":"Менеджер"
    },
    {
        "start":88.52,
        "end":89.52,
        "text":" То есть за...",
        "channel":"Менеджер"
    },
    {
        "start":90.0,
        "end":93.5,
        "text":" За 21 тысячу это прям хорошо.",
        "channel":"Менеджер"
    },
    {
        "start":98.86,
        "end":105.58,
        "text":" Ну, у 20, да, это уже как бы такая поменьше, естественно, уже более бюджетная моделька, поменьше в мощности.",
        "channel":"Менеджер"
    },
    {
        "start":111.74,
        "end":112.38,
        "text":" Да.",
        "channel":"Менеджер"
    },
    {
        "start":113.34,
        "end":113.98,
        "text":" Да.",
        "channel":"Менеджер"
    },
    {
        "start":114.76,
        "end":115.44,
        "text":" Хороший вариант.",
        "channel":"Менеджер"
    },
    {
        "start":117.2,
        "end":118.26,
        "text":" Естественно, конечно.",
        "channel":"Менеджер"
    },
    {
        "start":120.0,
        "end":130.42,
        "text":" Ну, фильтр там есть свой основной, его всегда можно вытащить и там просушить, промыть, продуть.",
        "channel":"Менеджер"
    },
    {
        "start":131.74,
        "end":132.0,
        "text":" Да.",
        "channel":"Менеджер"
    },
    {
        "start":133.42,
        "end":135.26,
        "text":" Нет, нет, не надо.",
        "channel":"Менеджер"
    },
    {
        "start":139.44,
        "end":141.36,
        "text":" Все, хорошо, забронировал.",
        "channel":"Менеджер"
    },
    {
        "start":144.22,
        "end":145.38,
        "text":" Хорошо, до свидания.",
        "channel":"Менеджер"
    }
]