[{"Менеджер": " Мария, добрый день. Магазин IceCase беспокоится."}, {"Клиент": " Алло. Да, здравствуйте."}, {"Менеджер": " Звоню по поводу вашего предзаказа на MacBook Air на M1 8256 Sierra Cosmos."}, {"Менеджер": " Есть наличие у поставщика, сможем привезти его к воскресенью."}, {"Менеджер": " Оплата при получении будет наличным расчетом 75 900."}, {"Менеджер": " И еще один момент сразу предупрежу, что сейчас все MacBook'и, они приезжают с Америки."}, {"Менеджер": " То есть у них раскладка клавиатуры на американском языке."}, {"Менеджер": " Но мы делаем в подарок русскую гравировку."}, {"Менеджер": " То есть лазерную русскую гравировку."}, {"Клиент": " Нет, ну да, желание есть."}, {"Менеджер": " Если при желании надо, конечно же."}, {"Менеджер": " Да."}, {"Клиент": " Так, а вы мне скажите, это забирать мне когда? В воскресенье?"}, {"Менеджер": " Да, он приедет на Karl Marx 55."}, {"Менеджер": " Здесь же, естественно, вы приезжаете, выкупаете и тут же вы делаете гравировку, если необходимо."}, {"Менеджер": " Потому что гравировка делается только на Karl Marx 55."}, {"Клиент": " Так, это где апельсин?"}, {"Менеджер": " Нет."}, {"Менеджер": " Это Karl Marx 55 находится, где рядом с караваном."}, {"Менеджер": " Тухачевская дачная, рядом Киевская."}, {"Клиент": " Так, ну ладно, я посмотрю тогда в этом."}, {"Менеджер": " Вам смс придет, когда приедет товар."}, {"Клиент": " Так, ну все, хорошо."}, {"Клиент": " Так, ну это с 10, да?"}, {"Менеджер": " Да, с 10 до 8 работаем."}, {"Клиент": " Ну то есть в воскресенье с утра уже могу забрать."}, {"Менеджер": " Совершенно верно."}, {"Менеджер": " Да."}, {"Клиент": " Ну все, вы мне там пришлете смс."}, {"Менеджер": " Напишем."}, {"Менеджер": " Да, в WhatsApp."}, {"Клиент": " Да."}, {"Клиент": " Хорошо, ладно, спасибо."}, {"Менеджер": " Ну, хорошего дня. До свидания."}, {"Клиент": " Да, достанем."}, {"Менеджер": " Спасибо."}, {"Менеджер": " Спасибо."}, {"Менеджер": " До свидания."}, {"Менеджер": " Пока."}, {"Менеджер": " Пока."}, {"Менеджер": " Спасибо."}, {"Менеджер": " Спасибо."}, {"Менеджер": " До свидания."}, {"Клиент": " Спасибо."}, {"Менеджер": " До свидания."}, {"Менеджер": " До свидания."}, {"Менеджер": " До свидания."}, {"Менеджер": " До свидания."}, {"Менеджер": " До свидания."}, {"Менеджер": " Спасибо."}, {"Менеджер": " До свидания."}, {"Менеджер": " До свидания."}, {"Менеджер": " До свидания."}, {"Менеджер": " До свидания."}, {"Менеджер": " До свидания."}, {"Менеджер": " До свидания."}, {"Менеджер": " До свидания."}, {"Менеджер": " Спасибо для Bunn."}, {"Менеджер": " До свидания."}, {"Менеджер": " До свидания."}, {"Менеджер": " Господин Руслан, speculative, palliко, partner have an Gallic Iranian,"}, {"Менеджер": " lying speechbook version, tasteful, speaking layer language, and輕 gå第二 наöтром."}]