[
    {
        "start":0.0,
        "end":5.32,
        "text":" Алло. Да, здравствуйте.",
        "channel":"Клиент"
    },
    {
        "start":30.0,
        "end":38.54,
        "text":" Нет, ну да, желание есть.",
        "channel":"Клиент"
    },
    {
        "start":38.54,
        "end":42.86,
        "text":" Так, а вы мне скажите, это забирать мне когда? В воскресенье?",
        "channel":"Клиент"
    },
    {
        "start":55.02,
        "end":57.0,
        "text":" Так, это где апельсин?",
        "channel":"Клиент"
    },
    {
        "start":60.0,
        "end":68.94,
        "text":" Так, ну ладно, я посмотрю тогда в этом.",
        "channel":"Клиент"
    },
    {
        "start":68.94,
        "end":73.32,
        "text":" Так, ну все, хорошо.",
        "channel":"Клиент"
    },
    {
        "start":74.88,
        "end":76.5,
        "text":" Так, ну это с 10, да?",
        "channel":"Клиент"
    },
    {
        "start":80.46,
        "end":83.2,
        "text":" Ну то есть в воскресенье с утра уже могу забрать.",
        "channel":"Клиент"
    },
    {
        "start":85.3,
        "end":88.44,
        "text":" Ну все, вы мне там пришлете смс.",
        "channel":"Клиент"
    },
    {
        "start":89.48,
        "end":89.96,
        "text":" Да.",
        "channel":"Клиент"
    },
    {
        "start":90.12,
        "end":91.3,
        "text":" Хорошо, ладно, спасибо.",
        "channel":"Клиент"
    },
    {
        "start":92.76,
        "end":93.82,
        "text":" Да, достанем.",
        "channel":"Клиент"
    },
    {
        "start":98.94,
        "end":99.94,
        "text":" Спасибо.",
        "channel":"Клиент"
    }
]