[
    {
        "start":0.0,
        "end":4.22,
        "text":" Мария, добрый день. Магазин IceCase беспокоится.",
        "channel":"Менеджер"
    },
    {
        "start":5.64,
        "end":10.84,
        "text":" Звоню по поводу вашего предзаказа на MacBook Air на M1 8256 Sierra Cosmos.",
        "channel":"Менеджер"
    },
    {
        "start":11.1,
        "end":14.6,
        "text":" Есть наличие у поставщика, сможем привезти его к воскресенью.",
        "channel":"Менеджер"
    },
    {
        "start":15.86,
        "end":18.84,
        "text":" Оплата при получении будет наличным расчетом 75 900.",
        "channel":"Менеджер"
    },
    {
        "start":19.84,
        "end":24.38,
        "text":" И еще один момент сразу предупрежу, что сейчас все MacBook'и, они приезжают с Америки.",
        "channel":"Менеджер"
    },
    {
        "start":24.38,
        "end":28.32,
        "text":" То есть у них раскладка клавиатуры на американском языке.",
        "channel":"Менеджер"
    },
    {
        "start":28.32,
        "end":31.82,
        "text":" Но мы делаем в подарок русскую гравировку.",
        "channel":"Менеджер"
    },
    {
        "start":32.22,
        "end":33.48,
        "text":" То есть лазерную русскую гравировку.",
        "channel":"Менеджер"
    },
    {
        "start":34.08,
        "end":35.66,
        "text":" Если при желании надо, конечно же.",
        "channel":"Менеджер"
    },
    {
        "start":38.62,
        "end":39.26,
        "text":" Да.",
        "channel":"Менеджер"
    },
    {
        "start":43.2,
        "end":46.18,
        "text":" Да, он приедет на Karl Marx 55.",
        "channel":"Менеджер"
    },
    {
        "start":47.0,
        "end":51.76,
        "text":" Здесь же, естественно, вы приезжаете, выкупаете и тут же вы делаете гравировку, если необходимо.",
        "channel":"Менеджер"
    },
    {
        "start":51.76,
        "end":54.2,
        "text":" Потому что гравировка делается только на Karl Marx 55.",
        "channel":"Менеджер"
    },
    {
        "start":57.56,
        "end":58.08,
        "text":" Нет.",
        "channel":"Менеджер"
    },
    {
        "start":58.08,
        "end":60.72,
        "text":" Это Karl Marx 55 находится, где рядом с караваном.",
        "channel":"Менеджер"
    },
    {
        "start":60.8,
        "end":62.38,
        "text":" Тухачевская дачная, рядом Киевская.",
        "channel":"Менеджер"
    },
    {
        "start":69.02,
        "end":71.54,
        "text":" Вам смс придет, когда приедет товар.",
        "channel":"Менеджер"
    },
    {
        "start":77.56,
        "end":79.78,
        "text":" Да, с 10 до 8 работаем.",
        "channel":"Менеджер"
    },
    {
        "start":83.54,
        "end":84.46,
        "text":" Совершенно верно.",
        "channel":"Менеджер"
    },
    {
        "start":84.46,
        "end":84.5,
        "text":" Да.",
        "channel":"Менеджер"
    },
    {
        "start":87.66,
        "end":88.06,
        "text":" Напишем.",
        "channel":"Менеджер"
    },
    {
        "start":88.08,
        "end":88.86,
        "text":" Да, в WhatsApp.",
        "channel":"Менеджер"
    },
    {
        "start":91.6,
        "end":92.9,
        "text":" Ну, хорошего дня. До свидания.",
        "channel":"Менеджер"
    },
    {
        "start":93.72,
        "end":95.32,
        "text":" Спасибо.",
        "channel":"Менеджер"
    },
    {
        "start":95.32,
        "end":95.82,
        "text":" Спасибо.",
        "channel":"Менеджер"
    },
    {
        "start":95.82,
        "end":96.56,
        "text":" До свидания.",
        "channel":"Менеджер"
    },
    {
        "start":96.56,
        "end":96.9,
        "text":" Пока.",
        "channel":"Менеджер"
    },
    {
        "start":96.9,
        "end":97.82,
        "text":" Пока.",
        "channel":"Менеджер"
    },
    {
        "start":97.82,
        "end":98.82,
        "text":" Спасибо.",
        "channel":"Менеджер"
    },
    {
        "start":98.82,
        "end":99.04,
        "text":" Спасибо.",
        "channel":"Менеджер"
    },
    {
        "start":99.04,
        "end":99.4,
        "text":" До свидания.",
        "channel":"Менеджер"
    },
    {
        "start":99.4,
        "end":99.66,
        "text":" До свидания.",
        "channel":"Менеджер"
    },
    {
        "start":99.66,
        "end":100.12,
        "text":" До свидания.",
        "channel":"Менеджер"
    },
    {
        "start":100.12,
        "end":100.28,
        "text":" До свидания.",
        "channel":"Менеджер"
    },
    {
        "start":100.28,
        "end":101.28,
        "text":" До свидания.",
        "channel":"Менеджер"
    },
    {
        "start":101.28,
        "end":102.14,
        "text":" До свидания.",
        "channel":"Менеджер"
    },
    {
        "start":102.14,
        "end":102.54,
        "text":" Спасибо.",
        "channel":"Менеджер"
    },
    {
        "start":102.54,
        "end":102.96,
        "text":" До свидания.",
        "channel":"Менеджер"
    },
    {
        "start":102.96,
        "end":103.4,
        "text":" До свидания.",
        "channel":"Менеджер"
    },
    {
        "start":103.4,
        "end":104.04,
        "text":" До свидания.",
        "channel":"Менеджер"
    },
    {
        "start":104.04,
        "end":104.56,
        "text":" До свидания.",
        "channel":"Менеджер"
    },
    {
        "start":104.56,
        "end":105.08,
        "text":" До свидания.",
        "channel":"Менеджер"
    },
    {
        "start":105.08,
        "end":106.2,
        "text":" До свидания.",
        "channel":"Менеджер"
    },
    {
        "start":106.2,
        "end":111.16,
        "text":" До свидания.",
        "channel":"Менеджер"
    },
    {
        "start":112.22,
        "end":112.7,
        "text":" Спасибо для Bunn.",
        "channel":"Менеджер"
    },
    {
        "start":112.7,
        "end":113.36,
        "text":" До свидания.",
        "channel":"Менеджер"
    },
    {
        "start":113.36,
        "end":117.76,
        "text":" До свидания.",
        "channel":"Менеджер"
    },
    {
        "start":117.76,
        "end":121.0,
        "text":" Господин Руслан, speculative, palliко, partner have an Gallic Iranian,",
        "channel":"Менеджер"
    },
    {
        "start":121.0,
        "end":122.9,
        "text":" lying speechbook version, tasteful, speaking layer language, and輕 gå第二 наöтром.",
        "channel":"Менеджер"
    }
]