[
  {
    "Клиент": " да"
  },
  {
    "Менеджер": " Роман, добрый день. Магазин"
  },
  {
    "Клиент": " да"
  },
  {
    "Менеджер": " AFK беспокоит."
  },
  {
    "Клиент": " перезвони через пять минут пожалуйста сейчас заговорю"
  },
  {
    "Менеджер": " Хорошо,"
  },
  {
    "Клиент": " спасибо"
  },
  {
    "Менеджер": " ладно, теперь звоню."
  }
]