[{"Менеджер": " а евгений добрый день вас беспокоит магазина из кейс звоню по поводу вашего заказа на iphone"}, {"Клиент": " Черт, нету, да, желтого?"}, {"Менеджер": " 15 128 желтый да вот поставщик ответил но к сожалению в данный момент наличие у них"}, {"Менеджер": " такого цвета нет да к сожалению нет единственный вариант только вот они он сказал что есть на"}, {"Клиент": " Плохо, плохо."}, {"Клиент": " Плохо."}, {"Менеджер": " 256 гигов то есть не на 128 256 но он соответственно будет даром же но будет"}, {"Клиент": " А насколько дороже?"}, {"Клиент": " 84, а тот сколько?"}, {"Менеджер": " 84 тысячи 900 рублей при оплате наличными 660 100 до не могу сказать просто даже не"}, {"Клиент": " 70, да, 70, нет, 84, блин."}, {"Клиент": " А когда он, этот желтый, будет?"}, {"Менеджер": " могу прогнозировать потому что они то появляются то исчезают если вам как бы"}, {"Менеджер": " не к успеху то"}, {"Менеджер": " да"}, {"Менеджер": " Давайте, знаешь, как сделаем?"}, {"Клиент": " Я принял уже к спеху, уже к спеху, да, ко вторнику."}, {"Менеджер": " До конца не..."}, {"Менеджер": " А, к успеху."}, {"Менеджер": " На."}, {"Клиент": " А ко вторнику что вы можете сказать?"}, {"Клиент": " Ничего уже?"}, {"Менеджер": " Так, смотрите."}, {"Клиент": " Какой?"}, {"Менеджер": " Если есть..."}, {"Менеджер": " Так, есть синий, есть розовый"}, {"Менеджер": " в наличии."}, {"Клиент": " Синий есть, розовый, да?"}, {"Клиент": " Синий, розовый. Ладно, желтого нету, да?"}, {"Менеджер": " Желтого, к сожалению, нет."}, {"Клиент": " Ладно, все, услышал."}, {"Клиент": " Все, спасибо. Тогда давайте так."}, {"Клиент": " Мне вам как позвонить?"}, {"Менеджер": " Ну, позвоните."}, {"Менеджер": " Мы работаем до 8 часов."}, {"Менеджер": " Позвоните в любое время."}, {"Клиент": " Ладно, хорошо."}, {"Менеджер": " Или же вы хотите, вы можете сделать"}, {"Менеджер": " заказ прямо на сайте тогда."}, {"Менеджер": " Вот."}, {"Клиент": " Ну, ладно, хорошо, я там посмотрю, может, через ребят."}, {"Клиент": " Ладно, сейчас, сейчас подумаю, я согласую."}, {"Клиент": " Как, розовый и синий есть 128, да?"}, {"Менеджер": " Да, да."}, {"Клиент": " Угу, все, спасибо, спасибо."}, {"Клиент": " Угу."}, {"Менеджер": " Угу."}]