[
    {
        "start":0.0,
        "end":14.04,
        "text":" Черт, нету, да, желтого?",
        "channel":"Клиент"
    },
    {
        "start":16.72,
        "end":18.14,
        "text":" Плохо, плохо.",
        "channel":"Клиент"
    },
    {
        "start":18.14,
        "end":18.38,
        "text":" Плохо.",
        "channel":"Клиент"
    },
    {
        "start":27.74,
        "end":29.9,
        "text":" А насколько дороже?",
        "channel":"Клиент"
    },
    {
        "start":30.0,
        "end":35.56,
        "text":" 84, а тот сколько?",
        "channel":"Клиент"
    },
    {
        "start":36.26,
        "end":41.82,
        "text":" 70, да, 70, нет, 84, блин.",
        "channel":"Клиент"
    },
    {
        "start":42.16,
        "end":43.96,
        "text":" А когда он, этот желтый, будет?",
        "channel":"Клиент"
    },
    {
        "start":49.46,
        "end":57.14,
        "text":" Я принял уже к спеху, уже к спеху, да, ко вторнику.",
        "channel":"Клиент"
    },
    {
        "start":57.14,
        "end":59.46,
        "text":" А ко вторнику что вы можете сказать?",
        "channel":"Клиент"
    },
    {
        "start":60.0,
        "end":60.72,
        "text":" Ничего уже?",
        "channel":"Клиент"
    },
    {
        "start":63.46,
        "end":64.14,
        "text":" Какой?",
        "channel":"Клиент"
    },
    {
        "start":69.74,
        "end":71.4,
        "text":" Синий есть, розовый, да?",
        "channel":"Клиент"
    },
    {
        "start":72.26,
        "end":74.38,
        "text":" Синий, розовый. Ладно, желтого нету, да?",
        "channel":"Клиент"
    },
    {
        "start":75.08,
        "end":76.82,
        "text":" Ладно, все, услышал.",
        "channel":"Клиент"
    },
    {
        "start":77.22,
        "end":79.8,
        "text":" Все, спасибо. Тогда давайте так.",
        "channel":"Клиент"
    },
    {
        "start":80.16,
        "end":81.66,
        "text":" Мне вам как позвонить?",
        "channel":"Клиент"
    },
    {
        "start":86.42,
        "end":87.48,
        "text":" Ладно, хорошо.",
        "channel":"Клиент"
    },
    {
        "start":90.0,
        "end":94.38,
        "text":" Ну, ладно, хорошо, я там посмотрю, может, через ребят.",
        "channel":"Клиент"
    },
    {
        "start":94.5,
        "end":96.4,
        "text":" Ладно, сейчас, сейчас подумаю, я согласую.",
        "channel":"Клиент"
    },
    {
        "start":96.82,
        "end":99.54,
        "text":" Как, розовый и синий есть 128, да?",
        "channel":"Клиент"
    },
    {
        "start":101.74,
        "end":103.28,
        "text":" Угу, все, спасибо, спасибо.",
        "channel":"Клиент"
    },
    {
        "start":103.58,
        "end":103.7,
        "text":" Угу.",
        "channel":"Клиент"
    }
]