[
    {
        "start":0.0,
        "end":5.32,
        "text":" а евгений добрый день вас беспокоит магазина из кейс звоню по поводу вашего заказа на iphone",
        "channel":"Менеджер"
    },
    {
        "start":5.32,
        "end":10.08,
        "text":" 15 128 желтый да вот поставщик ответил но к сожалению в данный момент наличие у них",
        "channel":"Менеджер"
    },
    {
        "start":10.08,
        "end":21.76,
        "text":" такого цвета нет да к сожалению нет единственный вариант только вот они он сказал что есть на",
        "channel":"Менеджер"
    },
    {
        "start":21.76,
        "end":30.98,
        "text":" 256 гигов то есть не на 128 256 но он соответственно будет даром же но будет",
        "channel":"Менеджер"
    },
    {
        "start":30.98,
        "end":46.12,
        "text":" 84 тысячи 900 рублей при оплате наличными 660 100 до не могу сказать просто даже не",
        "channel":"Менеджер"
    },
    {
        "start":46.12,
        "end":50.62,
        "text":" могу прогнозировать потому что они то появляются то исчезают если вам как бы",
        "channel":"Менеджер"
    },
    {
        "start":50.62,
        "end":51.68,
        "text":" не к успеху то",
        "channel":"Менеджер"
    },
    {
        "start":51.68,
        "end":51.74,
        "text":" да",
        "channel":"Менеджер"
    },
    {
        "start":51.74,
        "end":52.66,
        "text":" Давайте, знаешь, как сделаем?",
        "channel":"Менеджер"
    },
    {
        "start":53.12,
        "end":54.72,
        "text":" До конца не...",
        "channel":"Менеджер"
    },
    {
        "start":54.72,
        "end":55.54,
        "text":" А, к успеху.",
        "channel":"Менеджер"
    },
    {
        "start":57.58,
        "end":57.76,
        "text":" На.",
        "channel":"Менеджер"
    },
    {
        "start":63.04,
        "end":64.02,
        "text":" Так, смотрите.",
        "channel":"Менеджер"
    },
    {
        "start":64.26,
        "end":65.44,
        "text":" Если есть...",
        "channel":"Менеджер"
    },
    {
        "start":65.44,
        "end":68.26,
        "text":" Так, есть синий, есть розовый",
        "channel":"Менеджер"
    },
    {
        "start":68.26,
        "end":69.42,
        "text":" в наличии.",
        "channel":"Менеджер"
    },
    {
        "start":74.42,
        "end":75.68,
        "text":" Желтого, к сожалению, нет.",
        "channel":"Менеджер"
    },
    {
        "start":81.74,
        "end":84.24,
        "text":" Ну, позвоните.",
        "channel":"Менеджер"
    },
    {
        "start":84.32,
        "end":85.58,
        "text":" Мы работаем до 8 часов.",
        "channel":"Менеджер"
    },
    {
        "start":85.72,
        "end":87.38,
        "text":" Позвоните в любое время.",
        "channel":"Менеджер"
    },
    {
        "start":87.48,
        "end":89.26,
        "text":" Или же вы хотите, вы можете сделать",
        "channel":"Менеджер"
    },
    {
        "start":89.26,
        "end":90.6,
        "text":" заказ прямо на сайте тогда.",
        "channel":"Менеджер"
    },
    {
        "start":91.64,
        "end":91.82,
        "text":" Вот.",
        "channel":"Менеджер"
    },
    {
        "start":100.52,
        "end":101.82,
        "text":" Да, да.",
        "channel":"Менеджер"
    },
    {
        "start":103.66,
        "end":104.02,
        "text":" Угу.",
        "channel":"Менеджер"
    }
]