[
    {
        "start":0.0,
        "end":19.4,
        "text":" Алло, да, здравствуйте. Меня интересует, получается, NiceCase, то есть вы существуете, да? Просто на сайте нажимаешь на эти, на адреса, да, они просто точками указаны, и все, на карте. Вот.",
        "channel":"Клиент"
    },
    {
        "start":19.4,
        "end":44.18,
        "text":" Угу, все, я понял. В Самаре, правильно? Так, а у вас есть стекла на 15 Pro Max? А до скольки? Ну, в чем отличие? Можешь еще рассказать?",
        "channel":"Клиент"
    },
    {
        "start":49.4,
        "end":67.4,
        "text":" Угу, а что вот если я, допустим, хочу себе стекло, да, вот у меня просто было стекло, я ставил. Так, не знаю, сколько сейчас прошло уже по времени, но месяца, наверное, 3-4 оно держалось.",
        "channel":"Клиент"
    },
    {
        "start":67.4,
        "end":79.38,
        "text":" Я просто играл в игрушку, и у меня вот в двух местах стерлось конкретно это олеофобное покрытие. Потому что, ну, в общем...",
        "channel":"Клиент"
    },
    {
        "start":79.4,
        "end":93.22,
        "text":" Палец вообще по экрану просто не скользил особо. Вот, я в напальчниках играл. И сейчас вот хочу себе поменять стекло. Ну, какое посоветуете поменять?",
        "channel":"Клиент"
    },
    {
        "start":93.22,
        "end":100.66,
        "text":" Да.",
        "channel":"Клиент"
    },
    {
        "start":109.4,
        "end":111.56,
        "text":" Угу.",
        "channel":"Клиент"
    },
    {
        "start":114.56,
        "end":115.96,
        "text":" 2090, да, у нас?",
        "channel":"Клиент"
    },
    {
        "start":129.12,
        "end":130.46,
        "text":" Угу, угу.",
        "channel":"Клиент"
    },
    {
        "start":132.64,
        "end":134.76,
        "text":" Я понял, понял.",
        "channel":"Клиент"
    },
    {
        "start":134.76,
        "end":138.74,
        "text":" Так, ну, хорошо.",
        "channel":"Клиент"
    },
    {
        "start":139.4,
        "end":142.4,
        "text":" Это, то есть, у вас в каких-то конкретных магазинах только есть?",
        "channel":"Клиент"
    },
    {
        "start":146.4,
        "end":151.14,
        "text":" А можете сказать, где есть? Я живу вообще, где Мегасити.",
        "channel":"Клиент"
    },
    {
        "start":160.14,
        "end":164.88,
        "text":" Клиническая 25, да.",
        "channel":"Клиент"
    },
    {
        "start":167.0,
        "end":169.02,
        "text":" Это 4 километра где-то от меня.",
        "channel":"Клиент"
    },
    {
        "start":169.4,
        "end":175.64,
        "text":" Организация издания. Так, сейчас вижу, да. Найс кейс.",
        "channel":"Клиент"
    },
    {
        "start":176.82,
        "end":181.14,
        "text":" Всё, хорошо, я сохранил. Если что, подойду туда.",
        "channel":"Клиент"
    },
    {
        "start":183.08,
        "end":184.66,
        "text":" Угу, всё, спасибо большое.",
        "channel":"Клиент"
    },
    {
        "start":185.76,
        "end":186.5,
        "text":" Хорошего дня вам.",
        "channel":"Клиент"
    },
    {
        "start":188.4,
        "end":188.88,
        "text":" До свидания.",
        "channel":"Клиент"
    },
    {
        "start":194.28,
        "end":195.28,
        "text":" Спасибо.",
        "channel":"Клиент"
    }
]