[
    {
        "start":0.0,
        "end":2.88,
        "text":" Добрый день, магазин NiceCase. Меня зовут Александр. Чему могу помочь?",
        "channel":"Менеджер"
    },
    {
        "start":18.56,
        "end":20.36,
        "text":" 7 адресов у нас, 7 магазинов.",
        "channel":"Менеджер"
    },
    {
        "start":24.08,
        "end":24.86,
        "text":" Совершенно верно.",
        "channel":"Менеджер"
    },
    {
        "start":30.0,
        "end":32.76,
        "text":" Да, конечно, от 500 рублей и выше.",
        "channel":"Менеджер"
    },
    {
        "start":36.44,
        "end":38.64,
        "text":" До 3000 рублей, насколько я помню.",
        "channel":"Менеджер"
    },
    {
        "start":44.62,
        "end":49.52,
        "text":" Толщина самого стекла, алиофобное покрытие по качеству, допустим, лучше-хуже.",
        "channel":"Менеджер"
    },
    {
        "start":49.68,
        "end":51.88,
        "text":" Есть защита антишпиона, допустим.",
        "channel":"Менеджер"
    },
    {
        "start":60.0,
        "end":61.0,
        "text":" Да.",
        "channel":"Менеджер"
    },
    {
        "start":90.0,
        "end":97.8,
        "text":" Может, я вот так сейчас скажу.",
        "channel":"Менеджер"
    },
    {
        "start":98.06,
        "end":99.38,
        "text":" 15 промаксов, говорите, у вас?",
        "channel":"Менеджер"
    },
    {
        "start":101.7,
        "end":107.94,
        "text":" Ну, вот за 2090 рублей на клинической 25, вот, из Конин Горилла.",
        "channel":"Менеджер"
    },
    {
        "start":108.22,
        "end":109.62,
        "text":" Глаз неплохой.",
        "channel":"Менеджер"
    },
    {
        "start":111.54,
        "end":113.76,
        "text":" Вот, с хорошим алиофобным покрытием.",
        "channel":"Менеджер"
    },
    {
        "start":114.64,
        "end":119.62,
        "text":" Но, опять же, да, 2090, но, опять же, учитывайте, что, как бы, в любом случае,",
        "channel":"Менеджер"
    },
    {
        "start":120.0,
        "end":123.32,
        "text":" при использовании напальчников, наподобное,",
        "channel":"Менеджер"
    },
    {
        "start":123.9,
        "end":126.44,
        "text":" то стирание алиофобного покрытия увеличивается в разы.",
        "channel":"Менеджер"
    },
    {
        "start":126.68,
        "end":131.44,
        "text":" То есть интенсив там намного выше стираться.",
        "channel":"Менеджер"
    },
    {
        "start":142.88,
        "end":144.86,
        "text":" Да, вы можете все на сайте посмотреть, конечно.",
        "channel":"Менеджер"
    },
    {
        "start":150.0,
        "end":157.18,
        "text":" Но, вот, единственное стекло есть на клинической 25.",
        "channel":"Менеджер"
    },
    {
        "start":157.98,
        "end":158.84,
        "text":" Это где аквариум.",
        "channel":"Менеджер"
    },
    {
        "start":160.02,
        "end":161.6,
        "text":" Это вот где-то хорошее стекло, прям.",
        "channel":"Менеджер"
    },
    {
        "start":165.24,
        "end":166.04,
        "text":" Совершенно верно.",
        "channel":"Менеджер"
    },
    {
        "start":166.04,
        "end":182.36,
        "text":" Да, конечно.",
        "channel":"Менеджер"
    },
    {
        "start":186.36,
        "end":187.42,
        "text":" До свидания.",
        "channel":"Менеджер"
    },
    {
        "start":187.42,
        "end":187.46,
        "text":" До свидания.",
        "channel":"Менеджер"
    }
]