[
    {
        "start":0.0,
        "end":6.16,
        "text":" Здравствуйте, это магазин, который на Победе, нет?",
        "channel":"Клиент"
    },
    {
        "start":8.16,
        "end":11.28,
        "text":" А, вообще горячая. А прямо в магазин можно как-нибудь позвонить или нет?",
        "channel":"Клиент"
    },
    {
        "start":14.94,
        "end":22.74,
        "text":" У меня вопрос. Я хотел бы узнать о наличии товара и спросить. За 20 минут я успею к ним добраться.",
        "channel":"Клиент"
    },
    {
        "start":25.46,
        "end":27.9,
        "text":" Меня интересует Яндекс.Станция Алиса Лайт.",
        "channel":"Клиент"
    },
    {
        "start":30.0,
        "end":35.28,
        "text":" Я ее хочу купить, но, возможно, я не успею минут на 5.",
        "channel":"Клиент"
    },
    {
        "start":36.24,
        "end":40.06,
        "text":" Меня вот интересует, возможно, будет как-нибудь это реализовать.",
        "channel":"Клиент"
    },
    {
        "start":49.82,
        "end":52.0,
        "text":" Ну, желтая, наверное.",
        "channel":"Клиент"
    },
    {
        "start":57.0,
        "end":59.78,
        "text":" Ну, минут на 5, да. Максимум 10.",
        "channel":"Клиент"
    },
    {
        "start":60.0,
        "end":61.72,
        "text":" Мне прям недолго добираться.",
        "channel":"Клиент"
    },
    {
        "start":67.86,
        "end":70.48,
        "text":" Отлично, спасибо большое. Всего доброго.",
        "channel":"Клиент"
    },
    {
        "start":70.48,
        "end":71.48,
        "text":" Спасибо.",
        "channel":"Клиент"
    }
]