[
    {
        "start":0.0,
        "end":12.4,
        "text":" магазина есть песни зал дмитриевича могу помочь это общий горячий линиям напрямую",
        "channel":"Менеджер"
    },
    {
        "start":12.4,
        "end":16.2,
        "text":" нет не можем вопрос",
        "channel":"Менеджер"
    },
    {
        "start":23.96,
        "end":27.16,
        "text":" какой-то вопрос интересует",
        "channel":"Менеджер"
    },
    {
        "start":27.16,
        "end":32.18,
        "text":" есть какой-то вид shit",
        "channel":"Менеджер"
    },
    {
        "start":42.4,
        "end":51.12,
        "text":" ну смотрите у нас касса 8 закрываются а яндекс танцы light какого цвета вас",
        "channel":"Менеджер"
    },
    {
        "start":51.12,
        "end":56.72,
        "text":" интересует желтый да да там есть наличие",
        "channel":"Менеджер"
    },
    {
        "start":56.72,
        "end":57.0,
        "text":" вы на 5 минут опознаете",
        "channel":"Менеджер"
    },
    {
        "start":57.0,
        "end":57.04,
        "text":" вы на 5 минут опознаете",
        "channel":"Менеджер"
    },
    {
        "start":57.04,
        "end":57.08,
        "text":" вы на 5 минут опознаете",
        "channel":"Менеджер"
    },
    {
        "start":57.08,
        "end":57.1,
        "text":" вы на 5 минут опознаете",
        "channel":"Менеджер"
    },
    {
        "start":57.1,
        "end":57.14,
        "text":" вы на 5 минут опознаете",
        "channel":"Менеджер"
    },
    {
        "start":57.14,
        "end":65.38,
        "text":" Давайте я сейчас передам ваш номер телефона ребятам",
        "channel":"Менеджер"
    },
    {
        "start":65.38,
        "end":67.9,
        "text":" и скажу, что вы опоздаете минут на пять-десять.",
        "channel":"Менеджер"
    },
    {
        "start":67.9,
        "end":71.52,
        "text":" Ожидаем, достанем.",
        "channel":"Менеджер"
    }
]