[
    {
        "start":0.0,
        "end":8.6,
        "text":" Алло, добрый день, скажите, пожалуйста, вы в каком городе находитесь, в Самаре?",
        "channel":"Клиент"
    },
    {
        "start":11.96,
        "end":22.08,
        "text":" Ага, скажите, пожалуйста, у вас есть Wi-Fi роутер Xiaomi, по-моему, называется, Mi iOS AX6000.",
        "channel":"Клиент"
    },
    {
        "start":22.08,
        "end":27.06,
        "text":" Я вам на сайте, то есть на электронку писала заявку, не отвечайте.",
        "channel":"Клиент"
    },
    {
        "start":30.0,
        "end":39.64,
        "text":" Да, это Mi AI от AX6000, такой.",
        "channel":"Клиент"
    },
    {
        "start":46.64,
        "end":48.48,
        "text":" Наличие есть, а сколько стоит?",
        "channel":"Клиент"
    },
    {
        "start":52.2,
        "end":54.24,
        "text":" Ага, а с МДС это стоимость?",
        "channel":"Клиент"
    },
    {
        "start":57.68,
        "end":58.9,
        "text":" Что еще раз?",
        "channel":"Клиент"
    },
    {
        "start":60.0,
        "end":64.66,
        "text":" А, с юрлицами не работаете?",
        "channel":"Клиент"
    },
    {
        "start":66.54,
        "end":69.74,
        "text":" Понятно, ладно, спасибо, до свидания.",
        "channel":"Клиент"
    },
    {
        "start":69.74,
        "end":70.74,
        "text":" До свидания.",
        "channel":"Клиент"
    },
    {
        "start":70.74,
        "end":71.74,
        "text":" До свидания.",
        "channel":"Клиент"
    },
    {
        "start":71.74,
        "end":72.74,
        "text":" Пока.",
        "channel":"Клиент"
    },
    {
        "start":72.74,
        "end":73.74,
        "text":" Пока.",
        "channel":"Клиент"
    },
    {
        "start":73.74,
        "end":74.74,
        "text":" Пока.",
        "channel":"Клиент"
    },
    {
        "start":74.74,
        "end":75.74,
        "text":" Пока.",
        "channel":"Клиент"
    },
    {
        "start":75.74,
        "end":76.74,
        "text":" Пока.",
        "channel":"Клиент"
    },
    {
        "start":76.74,
        "end":77.74,
        "text":" Пока.",
        "channel":"Клиент"
    },
    {
        "start":77.74,
        "end":78.74,
        "text":" Пока.",
        "channel":"Клиент"
    },
    {
        "start":78.74,
        "end":79.74,
        "text":" Пока.",
        "channel":"Клиент"
    },
    {
        "start":79.74,
        "end":80.74,
        "text":" Пока.",
        "channel":"Клиент"
    },
    {
        "start":80.74,
        "end":81.74,
        "text":" Пока.",
        "channel":"Клиент"
    },
    {
        "start":81.74,
        "end":82.74,
        "text":" Пока.",
        "channel":"Клиент"
    },
    {
        "start":82.74,
        "end":83.74,
        "text":" Пока.",
        "channel":"Клиент"
    },
    {
        "start":83.74,
        "end":84.74,
        "text":" Пока.",
        "channel":"Клиент"
    },
    {
        "start":84.74,
        "end":85.74,
        "text":" Пока.",
        "channel":"Клиент"
    },
    {
        "start":85.74,
        "end":86.74,
        "text":" Пока.",
        "channel":"Клиент"
    },
    {
        "start":86.74,
        "end":87.74,
        "text":" Пока.",
        "channel":"Клиент"
    },
    {
        "start":87.74,
        "end":88.74,
        "text":" Пока.",
        "channel":"Клиент"
    },
    {
        "start":88.74,
        "end":89.74,
        "text":" Пока.",
        "channel":"Клиент"
    },
    {
        "start":89.74,
        "end":90.74,
        "text":" Пока.",
        "channel":"Клиент"
    },
    {
        "start":90.74,
        "end":91.74,
        "text":" Пока.",
        "channel":"Клиент"
    },
    {
        "start":91.74,
        "end":92.74,
        "text":" Пока.",
        "channel":"Клиент"
    },
    {
        "start":92.74,
        "end":93.74,
        "text":" Пока.",
        "channel":"Клиент"
    },
    {
        "start":93.74,
        "end":94.74,
        "text":" Пока.",
        "channel":"Клиент"
    },
    {
        "start":94.74,
        "end":95.74,
        "text":" Пока.",
        "channel":"Клиент"
    },
    {
        "start":95.74,
        "end":96.74,
        "text":" Пока.",
        "channel":"Клиент"
    },
    {
        "start":96.74,
        "end":97.74,
        "text":" Пока.",
        "channel":"Клиент"
    },
    {
        "start":97.74,
        "end":98.74,
        "text":" Пока.",
        "channel":"Клиент"
    },
    {
        "start":98.74,
        "end":99.74,
        "text":" Пока.",
        "channel":"Клиент"
    }
]