[
    {
        "start":0.0,
        "end":2.56,
        "text":" Добрый день, магазин IceCase. Меня зовут Дмитрий. Чем могу помочь?",
        "channel":"Менеджер"
    },
    {
        "start":9.46,
        "end":11.36,
        "text":" Мы только в Самаре находимся, да.",
        "channel":"Менеджер"
    },
    {
        "start":30.0,
        "end":33.44,
        "text":" А Wi-Fi роутер Xiaomi вас интересует?",
        "channel":"Менеджер"
    },
    {
        "start":42.44,
        "end":45.5,
        "text":" Так, AX6000. Да, есть в наличии.",
        "channel":"Менеджер"
    },
    {
        "start":50.08,
        "end":50.88,
        "text":" 8990.",
        "channel":"Менеджер"
    },
    {
        "start":54.88,
        "end":56.64,
        "text":" Мы с юрлицами не работаем.",
        "channel":"Менеджер"
    },
    {
        "start":59.08,
        "end":59.98,
        "text":" Мы с юрлицами не работаем.",
        "channel":"Менеджер"
    },
    {
        "start":59.98,
        "end":62.08,
        "text":" Мы с юрлицами и с НДС не работаем.",
        "channel":"Менеджер"
    },
    {
        "start":64.76,
        "end":65.36,
        "text":" Да.",
        "channel":"Менеджер"
    },
    {
        "start":68.96,
        "end":70.18,
        "text":" Хорошо, до свидания.",
        "channel":"Менеджер"
    }
]