[
    {
        "start":0.0,
        "end":1.6,
        "text":" Да, слушаю.",
        "channel":"Клиент"
    },
    {
        "start":16.24,
        "end":18.9,
        "text":" Я понял. А почему 6400?",
        "channel":"Клиент"
    },
    {
        "start":23.3,
        "end":24.98,
        "text":" За микрофон.",
        "channel":"Клиент"
    },
    {
        "start":30.0,
        "end":34.9,
        "text":" Но всё равно как-то не стоит от 6400.",
        "channel":"Клиент"
    },
    {
        "start":36.16,
        "end":38.74,
        "text":" Вот я же сейчас разговариваю с вами, правильно?",
        "channel":"Клиент"
    },
    {
        "start":39.38,
        "end":40.06,
        "text":" Меня слышите?",
        "channel":"Клиент"
    },
    {
        "start":41.1,
        "end":41.66,
        "text":" Вот, видите?",
        "channel":"Клиент"
    },
    {
        "start":41.82,
        "end":44.64,
        "text":" Может там проводочек поправить надо, и всё?",
        "channel":"Клиент"
    },
    {
        "start":45.78,
        "end":47.48,
        "text":" 6000 за это отдавать.",
        "channel":"Клиент"
    },
    {
        "start":55.74,
        "end":58.46,
        "text":" А диагностика-то разбирать она будет или по компьютеру?",
        "channel":"Клиент"
    },
    {
        "start":60.0,
        "end":67.06,
        "text":" Ну да, и вот поправить-то, вот пишет, отдавать, как бы за это.",
        "channel":"Клиент"
    },
    {
        "start":67.66,
        "end":70.64,
        "text":" Ладно, давайте, я сейчас телефон сохраню тогда, перезвоню.",
        "channel":"Клиент"
    }
]