[
    {
        "start":0.0,
        "end":8.54,
        "text":" Алло, да, это вас на скейт беспокоит. Да, можем заменить 6490 будет стоить замена микрофона и нижнего шлейфа.",
        "channel":"Менеджер"
    },
    {
        "start":8.54,
        "end":16.54,
        "text":" По времени, сама процедура занимает 2 часа, примерно, приблизительно, но все зависит от загруженности мастера непосредственно на каждой точке.",
        "channel":"Менеджер"
    },
    {
        "start":20.68,
        "end":22.28,
        "text":" Ну, потому что так это у нас 6400.",
        "channel":"Менеджер"
    },
    {
        "start":25.72,
        "end":28.92,
        "text":" Ну, там идет замена полностью с нижним шлейфом.",
        "channel":"Менеджер"
    },
    {
        "start":30.0,
        "end":39.76,
        "text":" Да.",
        "channel":"Менеджер"
    },
    {
        "start":45.76,
        "end":55.58,
        "text":" Ну, вы приносите, вы приносите в любом случае на диагностику, диагностика бесплатная, и мастер уже скажет, что точно нужно сделать и сколько это будет стоить.",
        "channel":"Менеджер"
    },
    {
        "start":59.28,
        "end":59.88,
        "text":" Ну, конечно, разбирается.",
        "channel":"Менеджер"
    },
    {
        "start":60.0,
        "end":62.56,
        "text":" Да, разбирается. Вы же сказали, что у вас там, может быть, проводочек отошел.",
        "channel":"Менеджер"
    },
    {
        "start":70.42,
        "end":71.28,
        "text":" Да, до свидания.",
        "channel":"Менеджер"
    }
]