[
    {
        "start":0.0,
        "end":11.22,
        "text":" Алло, здравствуйте",
        "channel":"Клиент"
    },
    {
        "start":11.22,
        "end":15.2,
        "text":" А по цене можете сориентировать меня?",
        "channel":"Клиент"
    },
    {
        "start":17.7,
        "end":20.02,
        "text":" Ага, меня интересует 15 Pro Max",
        "channel":"Клиент"
    },
    {
        "start":20.02,
        "end":20.92,
        "text":" 256",
        "channel":"Клиент"
    },
    {
        "start":20.92,
        "end":22.82,
        "text":" Цена какая на сегодня?",
        "channel":"Клиент"
    },
    {
        "start":30.0,
        "end":36.84,
        "text":" Угу, все понятно",
        "channel":"Клиент"
    },
    {
        "start":36.84,
        "end":38.28,
        "text":" Маленький подешевели, да, у него?",
        "channel":"Клиент"
    },
    {
        "start":41.96,
        "end":46.12,
        "text":" Ага, так, скажите, а это для российского рынка или сейчас для российского рынка нет?",
        "channel":"Клиент"
    },
    {
        "start":49.2,
        "end":50.8,
        "text":" Нет, да? Ага",
        "channel":"Клиент"
    },
    {
        "start":50.8,
        "end":55.86,
        "text":" Так, а это какая получается маркировка у него, как будет, не подскажете?",
        "channel":"Клиент"
    },
    {
        "start":57.64,
        "end":59.86,
        "text":" Именно, ну модель маркировки",
        "channel":"Клиент"
    },
    {
        "start":60.0,
        "end":60.6,
        "text":" Маркировка модели",
        "channel":"Клиент"
    },
    {
        "start":60.6,
        "end":67.7,
        "text":" Вот так, когда заходишь, номер модели там пишут, там, допустим, там, для российского рынка",
        "channel":"Клиент"
    },
    {
        "start":67.7,
        "end":72.06,
        "text":" РУ, например, вот, не знаете, да?",
        "channel":"Клиент"
    },
    {
        "start":73.56,
        "end":77.0,
        "text":" А чем они отличаются от российского рынка, который вот вы продаете?",
        "channel":"Клиент"
    },
    {
        "start":78.24,
        "end":79.26,
        "text":" Какое-то отличие есть?",
        "channel":"Клиент"
    },
    {
        "start":84.34,
        "end":89.98,
        "text":" Нет, я понял, а вот раньше, которые, например, были, которые для России, вот, чем они отличаются?",
        "channel":"Клиент"
    },
    {
        "start":90.0,
        "end":94.96,
        "text":" От таких, чем-то там будет, это, ничем, все то же самое, да?",
        "channel":"Клиент"
    },
    {
        "start":102.08,
        "end":104.32,
        "text":" Не, ну у вас не китайские, у вас нормальные?",
        "channel":"Клиент"
    },
    {
        "start":106.1,
        "end":107.9,
        "text":" У вас нормальные, все понятно",
        "channel":"Клиент"
    },
    {
        "start":107.9,
        "end":112.0,
        "text":" А по наличию это везде, во всех магазинах?",
        "channel":"Клиент"
    },
    {
        "start":115.76,
        "end":116.96,
        "text":" Какой цвет",
        "channel":"Клиент"
    },
    {
        "start":116.96,
        "end":119.56,
        "text":" Ну, давайте, наверное, смотрите, пожалуйста",
        "channel":"Клиент"
    },
    {
        "start":120.0,
        "end":122.14,
        "text":" Так, черный цитат",
        "channel":"Клиент"
    },
    {
        "start":122.14,
        "end":131.7,
        "text":" Ага, вот на победе есть",
        "channel":"Клиент"
    },
    {
        "start":131.7,
        "end":133.92,
        "text":" Так, еще посмотрите, пожалуйста, синий цитат",
        "channel":"Клиент"
    },
    {
        "start":133.92,
        "end":140.36,
        "text":" Победа, 97",
        "channel":"Клиент"
    },
    {
        "start":140.36,
        "end":143.5,
        "text":" Все, хорошо, спасибо большое",
        "channel":"Клиент"
    },
    {
        "start":143.5,
        "end":149.96,
        "text":" А вот нет, бронировать пока на нет?",
        "channel":"Клиент"
    },
    {
        "start":150.0,
        "end":151.64,
        "text":" Если еще мы сейчас это подумаем",
        "channel":"Клиент"
    },
    {
        "start":151.64,
        "end":152.58,
        "text":" Еще вопрос такой",
        "channel":"Клиент"
    },
    {
        "start":152.58,
        "end":158.5,
        "text":" При сдаче телефона, там, примерно, если в хорошем состоянии, как бы, все там",
        "channel":"Клиент"
    },
    {
        "start":158.5,
        "end":162.34,
        "text":" Одиннадцатый промак",
        "channel":"Клиент"
    },
    {
        "start":162.34,
        "end":164.1,
        "text":" Сколько будет стоить?",
        "channel":"Клиент"
    },
    {
        "start":167.28,
        "end":168.04,
        "text":" Ага",
        "channel":"Клиент"
    },
    {
        "start":168.04,
        "end":172.54,
        "text":" Все понятно",
        "channel":"Клиент"
    },
    {
        "start":172.54,
        "end":174.3,
        "text":" Ладно, хорошо, спасибо",
        "channel":"Клиент"
    },
    {
        "start":174.3,
        "end":176.14,
        "text":" До свидания",
        "channel":"Клиент"
    }
]