[
    {
        "start":0.0,
        "end":26.16,
        "text":" алла здравствуйте да конечно что вас интересует так смотрите если черный",
        "channel":"Менеджер"
    },
    {
        "start":26.16,
        "end":31.5,
        "text":" титан синий титан интернета по цена 107 тысяч 900 рублей при оплате наличными если белый",
        "channel":"Менеджер"
    },
    {
        "start":31.5,
        "end":48.12,
        "text":" стан то цена 108 тысяч 900 рублей но цена да туда-сюда скачет для российского рынка сейчас нет",
        "channel":"Менеджер"
    },
    {
        "start":56.16,
        "end":82.92,
        "text":" как мать маркировка что вместе да ну нет это я не скажу вам для российского рынка 15 айфонов",
        "channel":"Менеджер"
    },
    {
        "start":82.92,
        "end":84.92,
        "text":" нету официально потому что",
        "channel":"Менеджер"
    },
    {
        "start":86.16,
        "end":88.16,
        "text":" 14 серии",
        "channel":"Менеджер"
    },
    {
        "start":88.16,
        "end":99.66,
        "text":" да ничем все тоже сам бизнес на что китайские версии не берите как который с двумя физически",
        "channel":"Менеджер"
    },
    {
        "start":99.66,
        "end":114.3,
        "text":" всем картами и все у нас нет у нас нормально смотря какой цвет вас интересует",
        "channel":"Менеджер"
    },
    {
        "start":116.16,
        "end":117.78,
        "text":" конечно же есть это все онлайн форуме ее организации к тому времени ну я как какой-то",
        "channel":"Менеджер"
    },
    {
        "start":117.78,
        "end":119.06,
        "text":" старался просто серьезно который им BETTOM д 노래� France",
        "channel":"Менеджер"
    },
    {
        "start":119.06,
        "end":123.36,
        "text":" она как может на его как ничего criticizing надо забирать",
        "channel":"Менеджер"
    },
    {
        "start":123.36,
        "end":124.38,
        "text":" так сфере которыеvibejo不好 и сначала я открываем",
        "channel":"Менеджер"
    },
    {
        "start":124.38,
        "end":127.74,
        "text":" да тут есть всяlares dark да на сегодняшний день конечно же герой димитров",
        "channel":"Менеджер"
    },
    {
        "start":127.74,
        "end":131.04,
        "text":" счет sat tay дляwd 5ета чтобы вы scène",
        "channel":"Менеджер"
    },
    {
        "start":131.04,
        "end":142.78,
        "text":" до кям петхенбурọ вода Rojo мощные не такие как вам",
        "channel":"Менеджер"
    },
    {
        "start":142.78,
        "end":143.76,
        "text":" русский гей потому что в любwoo очень обрести",
        "channel":"Менеджер"
    },
    {
        "start":143.76,
        "end":144.26,
        "text":" но то что у нас все Ford титаны есть на победуtan есть на победу титан есть на побед и 7",
        "channel":"Менеджер"
    },
    {
        "start":144.26,
        "end":145.26,
        "text":" знаменитости серии проговаривайте подсроченные сферы форуме сто работы шедших или dijsстики",
        "channel":"Менеджер"
    },
    {
        "start":145.26,
        "end":146.8,
        "text":" Если хотите, могу забронировать для вас.",
        "channel":"Менеджер"
    },
    {
        "start":162.98,
        "end":166.18,
        "text":" Вы можете воспользоваться конфигуратором на нашем сайте.",
        "channel":"Менеджер"
    },
    {
        "start":166.8,
        "end":170.28,
        "text":" Или же непосредственно прямо в магазин подойти к ребятам, вам скажут.",
        "channel":"Менеджер"
    },
    {
        "start":170.28,
        "end":175.26,
        "text":" До свидания.",
        "channel":"Менеджер"
    }
]