[
  {
    "Менеджер": "Добрыйдень,магазинIceCase,менязовутДмитрий,чеммогупомочь?"
  },
  {
    "Клиент": "Дмитрий,здравствуйте.МенязовутМария.УменявопроспоповодуремонтаiPhone12Pro.Можновамзадать?"
  },
  {
    "Менеджер": "Да,конечно.Так,смотрите."
  },
  {
    "Клиент": "УменяiPhoneпересталсделать,чемнет."
  },
  {
    "Менеджер": "Нуда,"
  },
  {
    "Клиент": "Так."
  },
  {
    "Менеджер": "можнобудет,конечно,посмотреть,продиагностировать.Давайтепопробуемсначаласделатьчто-то,чтовыможетесделатьсами.Тоесть,чтобынепереходитьвсервис.Увасполучается12-йPro,да,iPhone?Смотрите,наiPhoneестьтрифизическиекнопки.Этогромкостьплюс,громкостьминусикнопкаблокировки.Такназываемаяпринудительнаяперезагрузка.Какэтосделать?Вамнужнопоследовательностьклавишнажать.Сначалаодинразкнопкуплюс,потомкнопкуминусодинразикнопкублокировки.Зажатьееидержатьеедотехпор,покателефонсамнеперезагрузится.Тоесть,онтампоявится,яблочконаэкране,игнорируявсеуведомлениянателефоне.Ондолжен"
  },
  {
    "Клиент": "Это"
  },
  {
    "Менеджер": "сделатьсам"
  },
  {
    "Клиент": "просто"
  },
  {
    "Менеджер": "перезагрузку."
  },
  {
    "Клиент": "перезагрузка,да?Тоестьэтонесброснастройки,ничего,этопросто"
  },
  {
    "Менеджер": "Нет,"
  },
  {
    "Клиент": "перезагрузка."
  },
  {
    "Менеджер": "этопринудительнаяперезагрузка.Этоспециальнаятакаяперезагрузка,котораясбрасываетсистемныеошибки.Если"
  },
  {
    "Клиент": "Угу.Ага."
  },
  {
    "Менеджер": "послеэтойпроцедурыпроблемаостанется,товтакомслучаеуженадобудетприйтикнамвмагазиннадиагностику.Диагностикапроходитотчасудодвойсуток,взависимостиотпроблемы.Адиагностика"
  },
  {
    "Клиент": "Так,нувлюбой"
  },
  {
    "Менеджер": "бесплатная?"
  },
  {
    "Клиент": "можномагазиниливкакой-тоопределенныйквам?"
  },
  {
    "Менеджер": "Практическивлюбой,кромеКарлаМарксаиМичурина.Востальные"
  },
  {
    "Клиент": "Угу."
  },
  {
    "Менеджер": "можноприйти."
  },
  {
    "Клиент": "Хорошо.Что-тоещехотеласпросить.А,нупонятно,всеэтонаместе.Аещетакойвопрос.Вотэтаперезагрузка,яееделаюсвставленнойсим-карты,верно?"
  },
  {
    "Менеджер": "Да,"
  },
  {
    "Клиент": "Или..."
  },
  {
    "Менеджер": "да,да,да,выпрямосоставлены"
  },
  {
    "Клиент": "Нет-нет-нет,"
  },
  {
    "Менеджер": "свамикарты.Делайтевсе,какположено.Ещемомент,уваспамятьнеперезагруженаслучайно?"
  },
  {
    "Клиент": "этовсе,да,"
  },
  {
    "Менеджер": "Ну,"
  },
  {
    "Клиент": "этокак"
  },
  {
    "Менеджер": "все."
  },
  {
    "Клиент": "бы...Какбывсе,ну,"
  },
  {
    "Менеджер": "Ага."
  },
  {
    "Клиент": "простыедействияипроверкибыли"
  },
  {
    "Менеджер": "Я"
  },
  {
    "Клиент": "проведены,этовсе"
  },
  {
    "Менеджер": "понял."
  },
  {
    "Клиент": "нормально."
  },
  {
    "Менеджер": "Ну,"
  },
  {
    "Клиент": "Да,"
  },
  {
    "Менеджер": "тогда,значит,попробуйтевзятьперезагрузку,которуюявамсказал,итамужепроверьте,будетработатьили"
  },
  {
    "Клиент": "хорошо,"
  },
  {
    "Менеджер": "нет."
  },
  {
    "Клиент": "спасибо,Дмитрий."
  },
  {
    "Менеджер": "Все,"
  },
  {
    "Клиент": "Еще,"
  },
  {
    "Менеджер": "хорошего"
  },
  {
    "Клиент": "до"
  },
  {
    "Менеджер": "дня,до"
  },
  {
    "Клиент": "свидания."
  },
  {
    "Менеджер": "свидания."
  },
  {
    "Клиент": "Угу."
  }
]