[
    {
        "start":0.0,
        "end":9.22,
        "text":" Здравствуйте. Я 1 мая оставляла свой МАК на ремонт по гарантии.",
        "channel":"Клиент"
    },
    {
        "start":9.22,
        "end":12.6,
        "text":" Максимум на 1 марта.",
        "channel":"Клиент"
    },
    {
        "start":15.82,
        "end":25.84,
        "text":" Спасибо большое. На прошлый раз я так звонила полтора недели назад,",
        "channel":"Клиент"
    },
    {
        "start":25.92,
        "end":27.3,
        "text":" а мне в итоге не перезвонил никто.",
        "channel":"Клиент"
    },
    {
        "start":30.0,
        "end":34.12,
        "text":" Хорошо, спасибо.",
        "channel":"Клиент"
    }
]