[
    {
        "start":0.0,
        "end":2.78,
        "text":" Добрый день, магазин AceCase. Меня зовут Дмитрий. Чему могу помочь?",
        "channel":"Менеджер"
    },
    {
        "start":9.64,
        "end":10.52,
        "text":" Какой магазин?",
        "channel":"Менеджер"
    },
    {
        "start":13.8,
        "end":14.98,
        "text":" На Карло Марс 55?",
        "channel":"Менеджер"
    },
    {
        "start":17.22,
        "end":21.98,
        "text":" Давайте я сейчас передам ваш номер телефона на Карло Марс 55, и ребята вам перезвонят по ремонту.",
        "channel":"Менеджер"
    },
    {
        "start":21.98,
        "end":32.44,
        "text":" Я понял. Хорошо, ладно, сейчас я ребятам передам информацию.",
        "channel":"Менеджер"
    },
    {
        "start":34.26,
        "end":35.12,
        "text":" До свидания.",
        "channel":"Менеджер"
    }
]