[
    {
        "start":0.0,
        "end":22.24,
        "text":" все я его забираю на самарской на самарской все хорошо буду ждать на метром",
        "channel":"Клиент"
    },
    {
        "start":22.24,
        "end":25.22,
        "text":" надо обязательно чтобы меня день рождения в воскресенье в субботу",
        "channel":"Клиент"
    },
    {
        "start":25.22,
        "end":29.66,
        "text":" поэтому мне нужен шаблон был все договорились тогда все буду ждать спасибо",
        "channel":"Клиент"
    },
    {
        "start":29.66,
        "end":33.38,
        "text":" до свидания спасибо",
        "channel":"Клиент"
    }
]