[
    {
        "start":0.0,
        "end":20.08,
        "text":" А, Сергей, это меня из Кези беспокоит. У меня сейчас информация поступила из отдела закупок. Сказали, что 15-й ПРО 512 «Черный Титан» должен приехать либо сегодня вечером, либо завтра будет он в магазине. Да, в каком магазине удобно будет? На Самарской. Все хорошо. Как только он приедет, вам придет сообщение на WhatsApp. Оплата наличным расчетом при получении.",
        "channel":"Менеджер"
    },
    {
        "start":20.08,
        "end":50.06,
        "text":" Да, да, да.",
        "channel":"Менеджер"
    }
]