[
    {
        "start":0.0,
        "end":7.74,
        "text":" александр добрый день подскажите пожалуйста разбили заднюю панель на",
        "channel":"Клиент"
    },
    {
        "start":7.74,
        "end":12.78,
        "text":" одиннадцатом айфоне у вас можно починиться и вилка цены какая будет",
        "channel":"Клиент"
    },
    {
        "start":12.78,
        "end":24.56,
        "text":" белый и еще камера верхняя камера разбито стекло но камера работает",
        "channel":"Клиент"
    },
    {
        "start":24.56,
        "end":26.56,
        "text":" а",
        "channel":"Клиент"
    },
    {
        "start":47.54,
        "end":49.54,
        "text":" а",
        "channel":"Клиент"
    },
    {
        "start":51.84,
        "end":54.3,
        "text":" а ну то есть 55 половина ориентировочно",
        "channel":"Клиент"
    },
    {
        "start":54.56,
        "end":64.5,
        "text":" я вас понял спасибо на герой на георгия дмитрова там да все спасибо большое",
        "channel":"Клиент"
    }
]