[
    {
        "start":0.0,
        "end":2.54,
        "text":" Добрый день, магазин IceCase. Меня зовут Александр. Чем я могу помочь?",
        "channel":"Менеджер"
    },
    {
        "start":13.48,
        "end":15.52,
        "text":" Так, одну минутку. А какой цвет у вас?",
        "channel":"Менеджер"
    },
    {
        "start":22.9,
        "end":23.6,
        "text":" Я понял.",
        "channel":"Менеджер"
    },
    {
        "start":23.6,
        "end":24.1,
        "text":" Так, да.",
        "channel":"Менеджер"
    },
    {
        "start":24.1,
        "end":31.6,
        "text":" Так, да. Есть в наличии...",
        "channel":"Менеджер"
    },
    {
        "start":32.96,
        "end":37.04,
        "text":" Так, можете обратиться на Георгия Димитрова, 104.",
        "channel":"Менеджер"
    },
    {
        "start":37.82,
        "end":39.24,
        "text":" Так, сейчас скажу, сколько это будет стоить.",
        "channel":"Менеджер"
    },
    {
        "start":40.44,
        "end":45.36,
        "text":" Так, замедлено заднего стекла будет стоить 3500 рублей.",
        "channel":"Менеджер"
    },
    {
        "start":45.36,
        "end":50.86,
        "text":" Так, а замена глазка камер будет стоить 2000 рублей.",
        "channel":"Менеджер"
    },
    {
        "start":54.1,
        "end":55.02,
        "text":" Да, да.",
        "channel":"Менеджер"
    },
    {
        "start":58.92,
        "end":60.76,
        "text":" Да, да, можете туда обратиться.",
        "channel":"Менеджер"
    },
    {
        "start":63.04,
        "end":63.66,
        "text":" До свидания.",
        "channel":"Менеджер"
    },
    {
        "start":79.76,
        "end":80.76,
        "text":" Спасибо.",
        "channel":"Менеджер"
    }
]