[{"Менеджер": " Добрый день, магазин Эскейс. Меня зовут Александр. Чем я могу помочь?"}, {"Клиент": " Да, здравствуйте"}, {"Клиент": " А вы на каком адресе сейчас находитесь?"}, {"Клиент": " Не магазин на 22-м порт-съезде?"}, {"Менеджер": " Нет, это общая горячая линия."}, {"Клиент": " 194"}, {"Клиент": " А можно меня с тем магазином соединить?"}, {"Клиент": " Я свою карту оставил"}, {"Клиент": " А?"}, {"Менеджер": " Кокос. А, карту оставили. Я понял. Одну минуту, а то сейчас перезвонят."}, {"Клиент": " Да"}, {"Клиент": " Хорошо"}]