[
    {
        "start":0.0,
        "end":4.4,
        "text":" Да, здравствуйте",
        "channel":"Клиент"
    },
    {
        "start":4.4,
        "end":7.82,
        "text":" А вы на каком адресе сейчас находитесь?",
        "channel":"Клиент"
    },
    {
        "start":7.94,
        "end":10.88,
        "text":" Не магазин на 22-м порт-съезде?",
        "channel":"Клиент"
    },
    {
        "start":11.88,
        "end":12.36,
        "text":" 194",
        "channel":"Клиент"
    },
    {
        "start":12.36,
        "end":15.42,
        "text":" А можно меня с тем магазином соединить?",
        "channel":"Клиент"
    },
    {
        "start":15.46,
        "end":16.56,
        "text":" Я свою карту оставил",
        "channel":"Клиент"
    },
    {
        "start":16.56,
        "end":17.88,
        "text":" А?",
        "channel":"Клиент"
    },
    {
        "start":17.88,
        "end":19.3,
        "text":" Да",
        "channel":"Клиент"
    },
    {
        "start":19.3,
        "end":22.54,
        "text":" Хорошо",
        "channel":"Клиент"
    }
]