[
    {
        "start":0.0,
        "end":2.44,
        "text":" Добрый день, магазин Эскейс. Меня зовут Александр. Чем я могу помочь?",
        "channel":"Менеджер"
    },
    {
        "start":11.36,
        "end":12.8,
        "text":" Нет, это общая горячая линия.",
        "channel":"Менеджер"
    },
    {
        "start":15.8,
        "end":20.92,
        "text":" Кокос. А, карту оставили. Я понял. Одну минуту, а то сейчас перезвонят.",
        "channel":"Менеджер"
    }
]