[
    {
        "start":0.0,
        "end":17.18,
        "text":" Здравствуйте. Да, я хотела просто узнать, вот у вас на сайте увидела MacBook Air, по-моему, что ли, за 75, там, 900, по-моему.",
        "channel":"Клиент"
    },
    {
        "start":17.18,
        "end":30.18,
        "text":" Вот, хотела узнать, он вот, ну, по сравнению с остальными, там, цена не такая большая, это потому, что он какой-то там такой старенький, да, скажем так, по...",
        "channel":"Клиент"
    },
    {
        "start":34.84,
        "end":39.76,
        "text":" Ага, так, а вот, допустим, ну, он новый, все нормально, да?",
        "channel":"Клиент"
    },
    {
        "start":43.34,
        "end":47.18,
        "text":" Да, ну, я просто вот, допустим, у меня просто был когда-то MacBook...",
        "channel":"Клиент"
    },
    {
        "start":47.18,
        "end":58.74,
        "text":" Как компьютер, MacBook'а никогда не было, вот, допустим, каких-то базовых обычных, там, функций обычного ноутбука, вот, в нем достаточно будет?",
        "channel":"Клиент"
    },
    {
        "start":71.74,
        "end":76.76,
        "text":" Ну, то есть, вот, как обычные функции, мне самое главное, чтобы он был небольшой.",
        "channel":"Клиент"
    },
    {
        "start":77.18,
        "end":85.24,
        "text":" И легкий, да, то есть, это все есть.",
        "channel":"Клиент"
    },
    {
        "start":85.38,
        "end":89.1,
        "text":" А насчет того, что там памяти немного, я так понимаю, да?",
        "channel":"Клиент"
    },
    {
        "start":92.72,
        "end":97.68,
        "text":" А, 256 гигабайт, ну, понятно, ну, не супер много, ну, ладно.",
        "channel":"Клиент"
    },
    {
        "start":97.68,
        "end":104.68,
        "text":" А, и там, вот, как по скорости работы, вот, процессор там, или как, я просто не очень разбираюсь.",
        "channel":"Клиент"
    },
    {
        "start":107.18,
        "end":110.58,
        "text":" Как он, нормальный или не особо?",
        "channel":"Клиент"
    },
    {
        "start":113.92,
        "end":114.28,
        "text":" Да?",
        "channel":"Клиент"
    },
    {
        "start":116.14,
        "end":117.02,
        "text":" Так, понятно.",
        "channel":"Клиент"
    },
    {
        "start":117.02,
        "end":127.32,
        "text":" А вот, допустим, если я захочу его купить, и там какие-то установки или что-то, вот, как это все делается?",
        "channel":"Клиент"
    },
    {
        "start":129.82,
        "end":133.42,
        "text":" Вот он как? Я его просто подключаю к своему Apple ID?",
        "channel":"Клиент"
    },
    {
        "start":134.7,
        "end":135.96,
        "text":" Или как? Да?",
        "channel":"Клиент"
    },
    {
        "start":137.18,
        "end":148.12,
        "text":" Ну, в общем, в принципе, все так же, как на iPhone.",
        "channel":"Клиент"
    },
    {
        "start":150.58,
        "end":157.7,
        "text":" Да, я поняла, просто я где-то, наверное, дня два назад смотрела, был еще тоже за такую же цену, только Pro.",
        "channel":"Клиент"
    },
    {
        "start":158.02,
        "end":160.14,
        "text":" Сейчас я уже смотрю на сайте, уже нету этого.",
        "channel":"Клиент"
    },
    {
        "start":167.18,
        "end":176.26,
        "text":" Да, вот, прям, почему-то, вот, случайно, одинаковая цена, я просто не очень в них разбираюсь, как бы, ну, я вижу, что год выпуска, да, это я понимаю, вот.",
        "channel":"Клиент"
    },
    {
        "start":176.66,
        "end":180.72,
        "text":" Просто видела, что Air и Pro, я не знаю, чем они отличаются, вот.",
        "channel":"Клиент"
    },
    {
        "start":181.52,
        "end":188.64,
        "text":" Была такая же цена, вот, прям, буквально два дня назад, а сегодня я уже посмотрела, только вот Air за такую цену.",
        "channel":"Клиент"
    },
    {
        "start":193.16,
        "end":193.56,
        "text":" Угу.",
        "channel":"Клиент"
    },
    {
        "start":194.44,
        "end":196.72,
        "text":" Так, а Pro это какой-то усовершенствованный...",
        "channel":"Клиент"
    },
    {
        "start":197.36,
        "end":199.7,
        "text":" Усовершенствованный, да, усовершенствованный модель?",
        "channel":"Клиент"
    },
    {
        "start":206.02,
        "end":206.58,
        "text":" Угу.",
        "channel":"Клиент"
    },
    {
        "start":208.16,
        "end":208.58,
        "text":" Угу.",
        "channel":"Клиент"
    },
    {
        "start":215.42,
        "end":215.98,
        "text":" Угу.",
        "channel":"Клиент"
    },
    {
        "start":217.18,
        "end":217.54,
        "text":" Угу.",
        "channel":"Клиент"
    },
    {
        "start":220.54,
        "end":221.68,
        "text":" А, понятно.",
        "channel":"Клиент"
    },
    {
        "start":222.16,
        "end":222.6,
        "text":" Угу.",
        "channel":"Клиент"
    },
    {
        "start":225.52,
        "end":226.04,
        "text":" Угу.",
        "channel":"Клиент"
    },
    {
        "start":226.04,
        "end":226.14,
        "text":" Угу.",
        "channel":"Клиент"
    },
    {
        "start":227.18,
        "end":227.58,
        "text":" Понятно.",
        "channel":"Клиент"
    },
    {
        "start":227.96,
        "end":233.8,
        "text":" А так, пока он у вас есть в наличии, если я вдруг надумаю, то это, можно будет заехать.",
        "channel":"Клиент"
    },
    {
        "start":234.36,
        "end":234.64,
        "text":" Угу.",
        "channel":"Клиент"
    },
    {
        "start":235.08,
        "end":237.48,
        "text":" Ладно, хорошо, спасибо, я подумаю.",
        "channel":"Клиент"
    },
    {
        "start":237.58,
        "end":237.94,
        "text":" Спасибо.",
        "channel":"Клиент"
    },
    {
        "start":238.9,
        "end":239.94,
        "text":" Да, до свидания.",
        "channel":"Клиент"
    },
    {
        "start":240.14,
        "end":240.9,
        "text":" Угу, до свидания.",
        "channel":"Клиент"
    },
    {
        "start":243.34,
        "end":244.34,
        "text":" Угу.",
        "channel":"Клиент"
    }
]