[
    {
        "start":0.0,
        "end":29.98,
        "text":" Добрый вечер.",
        "channel":"Менеджер"
    },
    {
        "start":30.0,
        "end":34.8,
        "text":" Это модель 2020 года, да. Это самый первый на процессоре M1.",
        "channel":"Менеджер"
    },
    {
        "start":39.8,
        "end":42.36,
        "text":" Да, да, новый, запечатанный, конечно.",
        "channel":"Менеджер"
    },
    {
        "start":60.0,
        "end":67.74,
        "text":" Да, конечно, конечно. Это идеальный макбук для таких офисных задач, серфинг в интернете, то есть кино, сериалы и так далее.",
        "channel":"Менеджер"
    },
    {
        "start":67.96,
        "end":69.48,
        "text":" Это идеальное решение.",
        "channel":"Менеджер"
    },
    {
        "start":70.28,
        "end":73.6,
        "text":" Word, Excel, таблички. То есть вот именно офисные задачи.",
        "channel":"Менеджер"
    },
    {
        "start":80.98,
        "end":84.28,
        "text":" Да, да, по этим параметрам он...",
        "channel":"Менеджер"
    },
    {
        "start":84.28,
        "end":85.44,
        "text":" Да, да.",
        "channel":"Менеджер"
    },
    {
        "start":90.0,
        "end":91.92,
        "text":" Ну, 256 гигабайт.",
        "channel":"Менеджер"
    },
    {
        "start":109.6,
        "end":114.68,
        "text":" Да, да, конечно, конечно. С головой хватит его для вот именно выполнения офисных задач.",
        "channel":"Менеджер"
    },
    {
        "start":115.44,
        "end":116.06,
        "text":" Да, конечно.",
        "channel":"Менеджер"
    },
    {
        "start":120.0,
        "end":138.9,
        "text":" Да, да, подключайте к нему, к своему Apple ID, да.",
        "channel":"Менеджер"
    },
    {
        "start":138.9,
        "end":145.32,
        "text":" Да, но там уже дальше внутри какие программы потребуются. Тут уже просто с App Store скачайте, так же как на iPhone и все.",
        "channel":"Менеджер"
    },
    {
        "start":148.9,
        "end":149.6,
        "text":" Да, да.",
        "channel":"Менеджер"
    },
    {
        "start":150.0,
        "end":167.1,
        "text":" Так, но вряд ли. Прошки на M1 они стоили в самые дешевые 114 900.",
        "channel":"Менеджер"
    },
    {
        "start":167.1,
        "end":167.28,
        "text":" Вот.",
        "channel":"Менеджер"
    },
    {
        "start":180.0,
        "end":193.68,
        "text":" Странно, странно, но нет. Прошек на M1 как раз таки и нету.",
        "channel":"Менеджер"
    },
    {
        "start":193.68,
        "end":196.02,
        "text":" Мы их уже давно не привозили.",
        "channel":"Менеджер"
    },
    {
        "start":198.3,
        "end":205.44,
        "text":" Это точно такой же макбук, только, да, у него ярче экран, у него есть активное охлаждение, то есть у него кулер стоит.",
        "channel":"Менеджер"
    },
    {
        "start":205.96,
        "end":207.36,
        "text":" У Air обычного нету.",
        "channel":"Менеджер"
    },
    {
        "start":207.58,
        "end":207.76,
        "text":" Вот.",
        "channel":"Менеджер"
    },
    {
        "start":207.76,
        "end":207.92,
        "text":" Вот.",
        "channel":"Менеджер"
    },
    {
        "start":207.92,
        "end":208.04,
        "text":" Вот.",
        "channel":"Менеджер"
    },
    {
        "start":208.04,
        "end":208.14,
        "text":" Вот.",
        "channel":"Менеджер"
    },
    {
        "start":208.14,
        "end":208.28,
        "text":" Вот.",
        "channel":"Менеджер"
    },
    {
        "start":208.9,
        "end":209.5,
        "text":" Вот.",
        "channel":"Менеджер"
    },
    {
        "start":209.6,
        "end":209.8,
        "text":" Вот.",
        "channel":"Менеджер"
    },
    {
        "start":209.8,
        "end":211.6,
        "text":" И еще у него Touch Bar панель есть.",
        "channel":"Менеджер"
    },
    {
        "start":211.92,
        "end":218.26,
        "text":" То есть это сенсорная над клавиатурой, где кнопочки F, там F1, F2, F3, там их нету на прошке.",
        "channel":"Менеджер"
    },
    {
        "start":218.54,
        "end":219.72,
        "text":" Там у них Touch Bar установлен.",
        "channel":"Менеджер"
    },
    {
        "start":220.86,
        "end":225.8,
        "text":" То есть такая как сенсорная, там многофункциональная экранчик.",
        "channel":"Менеджер"
    },
    {
        "start":231.66,
        "end":233.2,
        "text":" Да, да, конечно.",
        "channel":"Менеджер"
    },
    {
        "start":233.2,
        "end":233.28,
        "text":" Да, конечно.",
        "channel":"Менеджер"
    },
    {
        "start":237.52,
        "end":239.28,
        "text":" Да, есть, позвоните.",
        "channel":"Менеджер"
    },
    {
        "start":239.8,
        "end":241.32,
        "text":" Хорошо.",
        "channel":"Менеджер"
    },
    {
        "start":241.32,
        "end":241.92,
        "text":" До свидания.",
        "channel":"Менеджер"
    },
    {
        "start":241.92,
        "end":243.08,
        "text":" До свидания.",
        "channel":"Менеджер"
    },
    {
        "start":243.08,
        "end":247.6,
        "text":" И, blocking Part 2.",
        "channel":"Менеджер"
    },
    {
        "start":247.6,
        "end":248.3,
        "text":" Ну, пока.",
        "channel":"Менеджер"
    },
    {
        "start":248.3,
        "end":268.8,
        "text":" Ну, пока.",
        "channel":"Менеджер"
    },
    {
        "start":268.8,
        "end":268.82,
        "text":" Пока.",
        "channel":"Менеджер"
    },
    {
        "start":268.82,
        "end":269.2,
        "text":" Пока-ка.",
        "channel":"Менеджер"
    },
    {
        "start":269.2,
        "end":269.22,
        "text":" Пока.",
        "channel":"Менеджер"
    },
    {
        "start":269.22,
        "end":269.24,
        "text":" Пока.",
        "channel":"Менеджер"
    },
    {
        "start":269.24,
        "end":269.26,
        "text":" Пока.",
        "channel":"Менеджер"
    },
    {
        "start":269.26,
        "end":269.48,
        "text":" Пока.",
        "channel":"Менеджер"
    },
    {
        "start":269.48,
        "end":269.54,
        "text":" Пока.",
        "channel":"Менеджер"
    },
    {
        "start":269.54,
        "end":269.56,
        "text":" Пока.",
        "channel":"Менеджер"
    },
    {
        "start":269.56,
        "end":269.6,
        "text":" Пока.",
        "channel":"Менеджер"
    },
    {
        "start":269.6,
        "end":269.62,
        "text":" Пока.",
        "channel":"Менеджер"
    },
    {
        "start":269.62,
        "end":269.66,
        "text":" Пока.",
        "channel":"Менеджер"
    }
]