[{"Менеджер": " Магазин ISKIS, меня зовут Игнат, чем могу помочь?"}, {"Клиент": " На втором замене дисплея сколько будет стоить?"}, {"Менеджер": " Смотрите, пожалуйста, пропадайте, не раз слышал."}, {"Менеджер": " Снова не услышал. На чем нужно поменять дисплей?"}, {"Менеджер": " Так, iPhone SE 2020, замена дисплея, копия 2000 рублей, оригинал 3300."}, {"Клиент": " Точайди будет работать, а он не меняется."}, {"Менеджер": " Если у вас сейчас Touch ID работает, то, конечно, работать будет, то есть он не меняется."}, {"Менеджер": " Да, да, да, конечно, это отдельно."}, {"Клиент": " Точайди работает, просто дисплей с крошу."}, {"Клиент": " Триста говорите?"}, {"Менеджер": " Да, оригинал. А подскажите, пожалуйста, дисплей у вас, полосы, пятна пошли или просто стекло разбилось?"}, {"Клиент": " Стекло разбилось и есть пятно небольшое желтое."}, {"Менеджер": " А, понял вас, понял. Да, тогда в таком случае нужно будет менять именно дисплей."}, {"Менеджер": " Просто, если что, можно было просто стекло заменить, оставив вашу родную матрицу."}, {"Клиент": " Нет, пятно есть, оно в целом не мешает, а если стекло"}, {"Менеджер": " Но если пошли уже полосы или пятна, то лучше сразу все заменить."}, {"Менеджер": " Да."}, {"Менеджер": " Это будет стоить 3000 рублей."}, {"Клиент": " заменить, то сколько будет стоить по деньгам?"}, {"Менеджер": " Смотрите еще, посмотреть, мало ли, может быть, осколок стекла просто давит на матрицу,"}, {"Менеджер": " и из-за этого идет вот это пятно желтое, засветка."}, {"Клиент": " Так, подскажите, я понял, на Победе это можно сделать?"}, {"Менеджер": " Вот. Ну, это уже мастер вам подскажет на месте."}, {"Клиент": " Там есть наличие дисплея, это да?"}, {"Менеджер": " Конечно, конечно, можно."}, {"Менеджер": " Победа на всем, работаем каждый день."}, {"Менеджер": " Так, сейчас я вам точно подскажу."}, {"Клиент": " Поглядите, пожалуйста, чтобы завтра я подъехал, если"}, {"Клиент": " что."}, {"Менеджер": " А, уточните цвет iPhone."}, {"Клиент": " Черный."}, {"Клиент": " Да."}, {"Клиент": " Так."}, {"Менеджер": " Черный, черный, сейчас."}, {"Клиент": " А, тенмиз Kazakh."}, {"Менеджер": " Так, SE-дисплей."}, {"Менеджер": " Так, оригинальный черный."}, {"Клиент": " Я не знаю, сколько петель."}, {"Менеджер": " Да, на победе два дисплея в наличии."}, {"Клиент": " Подставьте."}, {"Клиент": "yeah."}, {"Клиент": " Круто."}, {"Клиент": " Вот такие вот изображения..."}, {"Клиент": " Теперь замены еще сколько?"}, {"Менеджер": " Нет, нет, нет, это вся работа полностью под ключ."}, {"Клиент": " Работает полностью отлично!"}, {"Менеджер": " Все, отлично, приходите."}, {"Менеджер": " Спасибо."}]