[
    {
        "start":0.0,
        "end":24.06,
        "text":" На втором замене дисплея сколько будет стоить?",
        "channel":"Клиент"
    },
    {
        "start":24.06,
        "end":47.0,
        "text":" Точайди будет работать, а он не меняется.",
        "channel":"Клиент"
    },
    {
        "start":47.0,
        "end":53.0,
        "text":" Точайди работает, просто дисплей с крошу.",
        "channel":"Клиент"
    },
    {
        "start":53.0,
        "end":54.0,
        "text":" Триста говорите?",
        "channel":"Клиент"
    },
    {
        "start":54.0,
        "end":64.04,
        "text":" Стекло разбилось и есть пятно небольшое желтое.",
        "channel":"Клиент"
    },
    {
        "start":64.04,
        "end":78.6,
        "text":" Нет, пятно есть, оно в целом не мешает, а если стекло",
        "channel":"Клиент"
    },
    {
        "start":78.6,
        "end":83.98,
        "text":" заменить, то сколько будет стоить по деньгам?",
        "channel":"Клиент"
    },
    {
        "start":83.98,
        "end":94.02,
        "text":" Так, подскажите, я понял, на Победе это можно сделать?",
        "channel":"Клиент"
    },
    {
        "start":94.02,
        "end":102.02,
        "text":" Там есть наличие дисплея, это да?",
        "channel":"Клиент"
    },
    {
        "start":102.02,
        "end":109.02,
        "text":" Поглядите, пожалуйста, чтобы завтра я подъехал, если",
        "channel":"Клиент"
    },
    {
        "start":109.02,
        "end":110.02,
        "text":" что.",
        "channel":"Клиент"
    },
    {
        "start":110.02,
        "end":111.02,
        "text":" Черный.",
        "channel":"Клиент"
    },
    {
        "start":111.02,
        "end":112.02,
        "text":" Да.",
        "channel":"Клиент"
    },
    {
        "start":112.02,
        "end":113.02,
        "text":" Так.",
        "channel":"Клиент"
    },
    {
        "start":113.02,
        "end":118.06,
        "text":" А, тенмиз Kazakh.",
        "channel":"Клиент"
    },
    {
        "start":118.06,
        "end":123.06,
        "text":" Я не знаю, сколько петель.",
        "channel":"Клиент"
    },
    {
        "start":123.06,
        "end":124.14,
        "text":" Подставьте.",
        "channel":"Клиент"
    },
    {
        "start":124.14,
        "end":125.14,
        "text":"yeah.",
        "channel":"Клиент"
    },
    {
        "start":125.14,
        "end":126.14,
        "text":" Круто.",
        "channel":"Клиент"
    },
    {
        "start":126.14,
        "end":126.7,
        "text":" Вот такие вот изображения...",
        "channel":"Клиент"
    },
    {
        "start":126.7,
        "end":131.7,
        "text":" Теперь замены еще сколько?",
        "channel":"Клиент"
    },
    {
        "start":131.78,
        "end":136.78,
        "text":" Работает полностью отлично!",
        "channel":"Клиент"
    }
]