[
    {
        "start":0.0,
        "end":4.02,
        "text":" Магазин ISKIS, меня зовут Игнат, чем могу помочь?",
        "channel":"Менеджер"
    },
    {
        "start":12.76,
        "end":15.46,
        "text":" Смотрите, пожалуйста, пропадайте, не раз слышал.",
        "channel":"Менеджер"
    },
    {
        "start":20.9,
        "end":22.88,
        "text":" Снова не услышал. На чем нужно поменять дисплей?",
        "channel":"Менеджер"
    },
    {
        "start":22.88,
        "end":32.26,
        "text":" Так, iPhone SE 2020, замена дисплея, копия 2000 рублей, оригинал 3300.",
        "channel":"Менеджер"
    },
    {
        "start":40.02,
        "end":44.88,
        "text":" Если у вас сейчас Touch ID работает, то, конечно, работать будет, то есть он не меняется.",
        "channel":"Менеджер"
    },
    {
        "start":46.04,
        "end":48.94,
        "text":" Да, да, да, конечно, это отдельно.",
        "channel":"Менеджер"
    },
    {
        "start":52.88,
        "end":59.42,
        "text":" Да, оригинал. А подскажите, пожалуйста, дисплей у вас, полосы, пятна пошли или просто стекло разбилось?",
        "channel":"Менеджер"
    },
    {
        "start":63.94,
        "end":68.2,
        "text":" А, понял вас, понял. Да, тогда в таком случае нужно будет менять именно дисплей.",
        "channel":"Менеджер"
    },
    {
        "start":68.34,
        "end":72.08,
        "text":" Просто, если что, можно было просто стекло заменить, оставив вашу родную матрицу.",
        "channel":"Менеджер"
    },
    {
        "start":72.52,
        "end":76.34,
        "text":" Но если пошли уже полосы или пятна, то лучше сразу все заменить.",
        "channel":"Менеджер"
    },
    {
        "start":77.02,
        "end":77.22,
        "text":" Да.",
        "channel":"Менеджер"
    },
    {
        "start":80.02,
        "end":81.86,
        "text":" Это будет стоить 3000 рублей.",
        "channel":"Менеджер"
    },
    {
        "start":82.88,
        "end":86.74,
        "text":" Смотрите еще, посмотреть, мало ли, может быть, осколок стекла просто давит на матрицу,",
        "channel":"Менеджер"
    },
    {
        "start":86.82,
        "end":89.42,
        "text":" и из-за этого идет вот это пятно желтое, засветка.",
        "channel":"Менеджер"
    },
    {
        "start":92.08,
        "end":94.7,
        "text":" Вот. Ну, это уже мастер вам подскажет на месте.",
        "channel":"Менеджер"
    },
    {
        "start":97.52,
        "end":98.96,
        "text":" Конечно, конечно, можно.",
        "channel":"Менеджер"
    },
    {
        "start":99.7,
        "end":101.22,
        "text":" Победа на всем, работаем каждый день.",
        "channel":"Менеджер"
    },
    {
        "start":103.42,
        "end":105.42,
        "text":" Так, сейчас я вам точно подскажу.",
        "channel":"Менеджер"
    },
    {
        "start":108.06,
        "end":111.18,
        "text":" А, уточните цвет iPhone.",
        "channel":"Менеджер"
    },
    {
        "start":112.88,
        "end":114.88,
        "text":" Черный, черный, сейчас.",
        "channel":"Менеджер"
    },
    {
        "start":115.58,
        "end":116.78,
        "text":" Так, SE-дисплей.",
        "channel":"Менеджер"
    },
    {
        "start":118.4,
        "end":120.14,
        "text":" Так, оригинальный черный.",
        "channel":"Менеджер"
    },
    {
        "start":120.26,
        "end":121.86,
        "text":" Да, на победе два дисплея в наличии.",
        "channel":"Менеджер"
    },
    {
        "start":128.46,
        "end":130.64,
        "text":" Нет, нет, нет, это вся работа полностью под ключ.",
        "channel":"Менеджер"
    },
    {
        "start":135.28,
        "end":136.92,
        "text":" Все, отлично, приходите.",
        "channel":"Менеджер"
    },
    {
        "start":136.92,
        "end":137.0,
        "text":" Спасибо.",
        "channel":"Менеджер"
    }
]