[
    {
        "start":0.0,
        "end":9.6,
        "text":" добрый добрый день дмитрий александр меня зовут просто водки и допустим",
        "channel":"Клиент"
    },
    {
        "start":9.6,
        "end":14.88,
        "text":" earpods pro earpods pro 2 например у них кейс одинаково насколько понимаю да",
        "channel":"Клиент"
    },
    {
        "start":30.0,
        "end":42.22,
        "text":" я знаете я в том плане шли к в общем чему все эти разговоры у меня earpods pro 2 ну там",
        "channel":"Клиент"
    },
    {
        "start":42.22,
        "end":49.8,
        "text":" соответственно зарядка старая я хотел юсб си учитывая что там 15 iphone сейчас у меня и вот",
        "channel":"Клиент"
    },
    {
        "start":49.8,
        "end":57.66,
        "text":" не вопрос если куплю кейс допустим с разъемом тайп си он будет но они будут заряжаться или",
        "channel":"Клиент"
    },
    {
        "start":57.66,
        "end":59.88,
        "text":" не будут заряжаться вот earpods pro 2 например",
        "channel":"Клиент"
    },
    {
        "start":60.0,
        "end":73.44,
        "text":" с обычным за с обычной зарядкой не будет ясно грубо говоря а трейды например за сколько будет",
        "channel":"Клиент"
    },
    {
        "start":73.44,
        "end":89.98,
        "text":" оцениваться и по 2 например мы среднем хотя бы но я понял с коробочкой со всеми такими",
        "channel":"Клиент"
    },
    {
        "start":89.98,
        "end":97.52,
        "text":" моментами но это все есть у нее у вас и покупал их ясно я понял а вот последнего",
        "channel":"Клиент"
    },
    {
        "start":97.52,
        "end":107.86,
        "text":" но earpods pro с тайп си зарядкой они сколько сейчас стоит вас 22500 в самаре не езды",
        "channel":"Клиент"
    },
    {
        "start":107.86,
        "end":116.68,
        "text":" тогда вопрос нет пока больше спасибо вам большое до свидания",
        "channel":"Клиент"
    }
]