[
    {
        "start":0.2,
        "end":2.7,
        "text":" Добрый день, магазин IceCase, меня зовут Дмитрий, чем могу помочь?",
        "channel":"Менеджер"
    },
    {
        "start":16.4,
        "end":24.1,
        "text":" AirPods Pro и AirPods Pro 2? Нет, как бы, может быть, внешне они похожи, но на самом деле там они отличаются.",
        "channel":"Менеджер"
    },
    {
        "start":24.1,
        "end":34.86,
        "text":" Во-первых, у Pro 2 есть динамики снизу по бокам, где разъем зарядки, и еще есть такой раздел для карабинчика сбоку.",
        "channel":"Менеджер"
    },
    {
        "start":54.1,
        "end":84.08,
        "text":" Во-вторых, у Pro 2 есть динамики снизу по бокам, где разъем зарядки, и еще есть такой раздел для карабинчика сбоку.",
        "channel":"Менеджер"
    },
    {
        "start":84.1,
        "end":114.08,
        "text":" Во-вторых, у Pro 2 есть динамики снизу по бокам, где разъем зарядки, и еще есть такой раздел для карабинчика сбоку.",
        "channel":"Менеджер"
    },
    {
        "start":114.1,
        "end":114.12,
        "text":" Во-вторых, у Pro 2 есть динамики снизу по бокам, где разъем зарядки, и еще есть такой раздел для карабинчика сбоку.",
        "channel":"Менеджер"
    },
    {
        "start":114.24,
        "end":115.46,
        "text":" Всего хорошего, до свидания.",
        "channel":"Менеджер"
    }
]