[{"Менеджер": " Добрый вечер, магазин Ice Case. Меня зовут Дмитрий. Чем могу помочь?"}, {"Клиент": " Здравствуйте, молодой человек. На SE-шках 22 стекло поменяйте. Стекло разбили, стекло поменяйте."}, {"Менеджер": " Стекло дисплея?"}, {"Клиент": " Ну, блин, да, вот, короче, стекло вот это верхнее, которое. Да, Apple Watch, но SE-2, которые."}, {"Менеджер": " На Apple Watch или на iPhone?"}, {"Менеджер": " Да, я понял. Сейчас."}, {"Менеджер": " Если матрица исправна, то замена стекла дисплея 6500."}, {"Клиент": " А если матрица, пиздец, что делать?"}, {"Менеджер": " То замена дисплея 9000 примерно."}, {"Клиент": " Ну, я вас понял, 6500, короче, да, стекло поменяйте."}, {"Менеджер": " Либо 6500, либо 9000. Там уже мастер на месте посмотрит, скажет вам точно."}, {"Клиент": " Ну, так-то они тыкаются, работают вроде."}, {"Менеджер": " Ну, во всяком случае, все равно мастер посмотрит."}, {"Клиент": " Ну, все."}, {"Клиент": " Ну, все."}, {"Клиент": " Ну, хорошо, давайте."}, {"Менеджер": " Да, завтра может подъехать любой магазин, кроме..."}, {"Менеджер": " Так, сейчас скажу лучше, какие магазины."}, {"Клиент": " То есть завтра еще подъехать можно, да?"}, {"Менеджер": " На Самарскую, Карла Марса, либо клиническая."}, {"Менеджер": " Нет, они там часами не занимаются."}, {"Клиент": " А 22 нет, да?"}, {"Клиент": " Еще раз на Самарской, который на Karl Marx и на клинической, да?"}, {"Менеджер": " Да, да, все верно."}, {"Клиент": " Ну, все."}, {"Клиент": " Да."}, {"Менеджер": " До свидания."}, {"Клиент": " Ну хорошо."}, {"Клиент": " Ладно, давайте."}, {"Клиент": " Я прошу «До свидания»."}, {"Клиент": " Все, спасибо, до свидания."}, {"Клиент": " До свидания."}, {"Клиент": " До свидания."}, {"Клиент": " Всем спасибо, до свидания."}, {"Клиент": " До свидания."}, {"Клиент": " До свидания."}, {"Клиент": " До свидания."}]