[
    {
        "start":0.0,
        "end":11.0,
        "text":" Здравствуйте, молодой человек. На SE-шках 22 стекло поменяйте. Стекло разбили, стекло поменяйте.",
        "channel":"Клиент"
    },
    {
        "start":11.0,
        "end":22.0,
        "text":" Ну, блин, да, вот, короче, стекло вот это верхнее, которое. Да, Apple Watch, но SE-2, которые.",
        "channel":"Клиент"
    },
    {
        "start":30.0,
        "end":41.0,
        "text":" А если матрица, пиздец, что делать?",
        "channel":"Клиент"
    },
    {
        "start":41.0,
        "end":50.0,
        "text":" Ну, я вас понял, 6500, короче, да, стекло поменяйте.",
        "channel":"Клиент"
    },
    {
        "start":50.0,
        "end":56.0,
        "text":" Ну, так-то они тыкаются, работают вроде.",
        "channel":"Клиент"
    },
    {
        "start":56.0,
        "end":59.0,
        "text":" Ну, все.",
        "channel":"Клиент"
    },
    {
        "start":59.0,
        "end":60.0,
        "text":" Ну, все.",
        "channel":"Клиент"
    },
    {
        "start":60.0,
        "end":61.0,
        "text":" Ну, хорошо, давайте.",
        "channel":"Клиент"
    },
    {
        "start":61.0,
        "end":79.0,
        "text":" То есть завтра еще подъехать можно, да?",
        "channel":"Клиент"
    },
    {
        "start":79.0,
        "end":84.0,
        "text":" А 22 нет, да?",
        "channel":"Клиент"
    },
    {
        "start":84.0,
        "end":89.0,
        "text":" Еще раз на Самарской, который на Karl Marx и на клинической, да?",
        "channel":"Клиент"
    },
    {
        "start":89.0,
        "end":90.0,
        "text":" Ну, все.",
        "channel":"Клиент"
    },
    {
        "start":90.0,
        "end":91.0,
        "text":" Да.",
        "channel":"Клиент"
    },
    {
        "start":91.0,
        "end":92.0,
        "text":" Ну хорошо.",
        "channel":"Клиент"
    },
    {
        "start":92.0,
        "end":93.0,
        "text":" Ладно, давайте.",
        "channel":"Клиент"
    },
    {
        "start":93.0,
        "end":94.0,
        "text":" Я прошу «До свидания».",
        "channel":"Клиент"
    },
    {
        "start":94.0,
        "end":95.0,
        "text":" Все, спасибо, до свидания.",
        "channel":"Клиент"
    },
    {
        "start":95.0,
        "end":96.0,
        "text":" До свидания.",
        "channel":"Клиент"
    },
    {
        "start":96.0,
        "end":97.0,
        "text":" До свидания.",
        "channel":"Клиент"
    },
    {
        "start":97.0,
        "end":110.0,
        "text":" Всем спасибо, до свидания.",
        "channel":"Клиент"
    },
    {
        "start":110.0,
        "end":115.0,
        "text":" До свидания.",
        "channel":"Клиент"
    },
    {
        "start":115.0,
        "end":116.0,
        "text":" До свидания.",
        "channel":"Клиент"
    },
    {
        "start":116.0,
        "end":118.0,
        "text":" До свидания.",
        "channel":"Клиент"
    }
]