[
    {
        "start":0.64,
        "end":3.18,
        "text":" Добрый вечер, магазин Ice Case. Меня зовут Дмитрий. Чем могу помочь?",
        "channel":"Менеджер"
    },
    {
        "start":11.78,
        "end":12.76,
        "text":" Стекло дисплея?",
        "channel":"Менеджер"
    },
    {
        "start":17.08,
        "end":19.36,
        "text":" На Apple Watch или на iPhone?",
        "channel":"Менеджер"
    },
    {
        "start":22.22,
        "end":24.2,
        "text":" Да, я понял. Сейчас.",
        "channel":"Менеджер"
    },
    {
        "start":30.0,
        "end":35.62,
        "text":" Если матрица исправна, то замена стекла дисплея 6500.",
        "channel":"Менеджер"
    },
    {
        "start":39.34,
        "end":42.9,
        "text":" То замена дисплея 9000 примерно.",
        "channel":"Менеджер"
    },
    {
        "start":49.64,
        "end":53.32,
        "text":" Либо 6500, либо 9000. Там уже мастер на месте посмотрит, скажет вам точно.",
        "channel":"Менеджер"
    },
    {
        "start":56.04,
        "end":58.06,
        "text":" Ну, во всяком случае, все равно мастер посмотрит.",
        "channel":"Менеджер"
    },
    {
        "start":60.0,
        "end":65.38,
        "text":" Да, завтра может подъехать любой магазин, кроме...",
        "channel":"Менеджер"
    },
    {
        "start":65.38,
        "end":67.04,
        "text":" Так, сейчас скажу лучше, какие магазины.",
        "channel":"Менеджер"
    },
    {
        "start":72.04,
        "end":74.92,
        "text":" На Самарскую, Карла Марса, либо клиническая.",
        "channel":"Менеджер"
    },
    {
        "start":80.38,
        "end":82.2,
        "text":" Нет, они там часами не занимаются.",
        "channel":"Менеджер"
    },
    {
        "start":87.74,
        "end":89.2,
        "text":" Да, да, все верно.",
        "channel":"Менеджер"
    },
    {
        "start":90.0,
        "end":92.12,
        "text":" До свидания.",
        "channel":"Менеджер"
    }
]