[{"Менеджер": " наталья добрый день магазина из кейс беспокоит зоне поводу вашего интернет"}, {"Менеджер": " заказа на 15 до 28 синий iphone а на данный момент его наличие нет и мы"}, {"Клиент": " Алло. Здравствуйте. Да, хорошо. Хорошо, спасибо. До свидания."}, {"Менеджер": " сможем его заказать поставка ожидается в воскресенье все как только он приедет к"}, {"Менеджер": " вам при сообщении на воцап оплата и оплата предполучения наличным расчетом"}, {"Менеджер": " будет все хорошо дня до свидания"}]