[
    {
        "start":0.0,
        "end":7.5,
        "text":" наталья добрый день магазина из кейс беспокоит зоне поводу вашего интернет",
        "channel":"Менеджер"
    },
    {
        "start":7.5,
        "end":12.68,
        "text":" заказа на 15 до 28 синий iphone а на данный момент его наличие нет и мы",
        "channel":"Менеджер"
    },
    {
        "start":12.68,
        "end":19.0,
        "text":" сможем его заказать поставка ожидается в воскресенье все как только он приедет к",
        "channel":"Менеджер"
    },
    {
        "start":19.0,
        "end":23.96,
        "text":" вам при сообщении на воцап оплата и оплата предполучения наличным расчетом",
        "channel":"Менеджер"
    },
    {
        "start":23.96,
        "end":29.38,
        "text":" будет все хорошо дня до свидания",
        "channel":"Менеджер"
    }
]