[{"Менеджер": " Мария, это Найс Кейс, еще раз беспокоит."}, {"Клиент": " Алло, да, да."}, {"Менеджер": " Сейчас передал еще информацию, а MacBook уже с гравировкой у них идет,"}, {"Менеджер": " так что не беспокойтесь, приедете, просто заплатите, посмотрите,"}, {"Менеджер": " и можете сразу забирать, даже ждать надо будет гравировку."}, {"Клиент": " Так, а можно тогда забрать в другом месте? Нет?"}, {"Менеджер": " Да, как раз-таки можно будет забрать в другом месте."}, {"Менеджер": " В каком?"}, {"Клиент": " Так, вот смотрите, мне удобно на… ой, господи, как это улица? Димитрово."}, {"Менеджер": " Георгия Димитрова?"}, {"Менеджер": " Да. Все хорошо, тогда сейчас поменяем."}, {"Клиент": " Да, туда можно. То есть, да."}, {"Менеджер": " Да, да, да, да. То есть вы придете там, он сразу будет скрытый,"}, {"Менеджер": " то есть вы приходите, вы проверяете, все отлично, выкупаете, и все."}, {"Менеджер": " Ребята могут..."}, {"Клиент": " Ну, я как бы вам доверяю, я в этом ничего не понимаю, но да."}, {"Менеджер": " Нет, не переживайте, не переживайте, он новый, как бы с гарантией один год,"}, {"Менеджер": " там по чеку все как положено."}, {"Клиент": " Все окей. А там какие-то еще аксессуары к ним, и я смогу купить тоже."}, {"Менеджер": " Конечно, да, все подобрать можно будет в магазине."}, {"Менеджер": " Георгия Димитрова?"}, {"Клиент": " Так, ну, в общем, тогда на воскресенье на Димитрово, там, 10, что ли, да, можно подъехать."}, {"Менеджер": " Да, да. Да, все верно."}, {"Клиент": " Наличными оплата. Все окей, я поняла. Спасибо большое."}, {"Менеджер": " Все, хорошо, до свидания."}, {"Клиент": " Да, вам тоже достанем."}, {"Менеджер": " Спасибо."}, {"Клиент": " Спасибо."}]