[
    {
        "start":0.0,
        "end":3.38,
        "text":" Алло, да, да.",
        "channel":"Клиент"
    },
    {
        "start":13.62,
        "end":16.78,
        "text":" Так, а можно тогда забрать в другом месте? Нет?",
        "channel":"Клиент"
    },
    {
        "start":19.5,
        "end":25.7,
        "text":" Так, вот смотрите, мне удобно на… ой, господи, как это улица? Димитрово.",
        "channel":"Клиент"
    },
    {
        "start":25.7,
        "end":33.92,
        "text":" Да, туда можно. То есть, да.",
        "channel":"Клиент"
    },
    {
        "start":41.3,
        "end":45.66,
        "text":" Ну, я как бы вам доверяю, я в этом ничего не понимаю, но да.",
        "channel":"Клиент"
    },
    {
        "start":49.76,
        "end":53.38,
        "text":" Все окей. А там какие-то еще аксессуары к ним, и я смогу купить тоже.",
        "channel":"Клиент"
    },
    {
        "start":55.7,
        "end":63.06,
        "text":" Так, ну, в общем, тогда на воскресенье на Димитрово, там, 10, что ли, да, можно подъехать.",
        "channel":"Клиент"
    },
    {
        "start":64.56,
        "end":68.38,
        "text":" Наличными оплата. Все окей, я поняла. Спасибо большое.",
        "channel":"Клиент"
    },
    {
        "start":69.18,
        "end":70.52,
        "text":" Да, вам тоже достанем.",
        "channel":"Клиент"
    },
    {
        "start":85.28,
        "end":85.68,
        "text":" Спасибо.",
        "channel":"Клиент"
    }
]