[
    {
        "start":0.0,
        "end":3.02,
        "text":" Мария, это Найс Кейс, еще раз беспокоит.",
        "channel":"Менеджер"
    },
    {
        "start":3.36,
        "end":7.64,
        "text":" Сейчас передал еще информацию, а MacBook уже с гравировкой у них идет,",
        "channel":"Менеджер"
    },
    {
        "start":7.76,
        "end":11.0,
        "text":" так что не беспокойтесь, приедете, просто заплатите, посмотрите,",
        "channel":"Менеджер"
    },
    {
        "start":11.16,
        "end":14.06,
        "text":" и можете сразу забирать, даже ждать надо будет гравировку.",
        "channel":"Менеджер"
    },
    {
        "start":16.46,
        "end":18.34,
        "text":" Да, как раз-таки можно будет забрать в другом месте.",
        "channel":"Менеджер"
    },
    {
        "start":18.72,
        "end":19.08,
        "text":" В каком?",
        "channel":"Менеджер"
    },
    {
        "start":26.42,
        "end":27.34,
        "text":" Георгия Димитрова?",
        "channel":"Менеджер"
    },
    {
        "start":27.34,
        "end":30.98,
        "text":" Да. Все хорошо, тогда сейчас поменяем.",
        "channel":"Менеджер"
    },
    {
        "start":31.12,
        "end":35.64,
        "text":" Да, да, да, да. То есть вы придете там, он сразу будет скрытый,",
        "channel":"Менеджер"
    },
    {
        "start":35.72,
        "end":40.68,
        "text":" то есть вы приходите, вы проверяете, все отлично, выкупаете, и все.",
        "channel":"Менеджер"
    },
    {
        "start":41.2,
        "end":43.34,
        "text":" Ребята могут...",
        "channel":"Менеджер"
    },
    {
        "start":43.34,
        "end":47.88,
        "text":" Нет, не переживайте, не переживайте, он новый, как бы с гарантией один год,",
        "channel":"Менеджер"
    },
    {
        "start":47.98,
        "end":49.1,
        "text":" там по чеку все как положено.",
        "channel":"Менеджер"
    },
    {
        "start":53.32,
        "end":55.82,
        "text":" Конечно, да, все подобрать можно будет в магазине.",
        "channel":"Менеджер"
    },
    {
        "start":57.34,
        "end":60.38,
        "text":" Георгия Димитрова?",
        "channel":"Менеджер"
    },
    {
        "start":62.98,
        "end":66.2,
        "text":" Да, да. Да, все верно.",
        "channel":"Менеджер"
    },
    {
        "start":68.0,
        "end":69.18,
        "text":" Все, хорошо, до свидания.",
        "channel":"Менеджер"
    },
    {
        "start":75.2,
        "end":76.2,
        "text":" Спасибо.",
        "channel":"Менеджер"
    }
]