[
    {
        "start":0.0,
        "end":1.72,
        "text":" Алло.",
        "channel":"Клиент"
    },
    {
        "start":8.48,
        "end":10.48,
        "text":" 13.",
        "channel":"Клиент"
    },
    {
        "start":11.44,
        "end":17.02,
        "text":" 128.",
        "channel":"Клиент"
    },
    {
        "start":30.0,
        "end":38.74,
        "text":" Ага, так, а что, куда подъехать-то, да?",
        "channel":"Клиент"
    },
    {
        "start":43.18,
        "end":44.94,
        "text":" Так, давайте станем синий.",
        "channel":"Клиент"
    },
    {
        "start":60.0,
        "end":82.22,
        "text":" Так, вот 55, который стоит где? Это где район?",
        "channel":"Клиент"
    },
    {
        "start":82.22,
        "end":89.98,
        "text":" Так, так, так, так, так, так, так, так, так, так, так, так, так.",
        "channel":"Клиент"
    },
    {
        "start":90.0,
        "end":91.48,
        "text":" Так, к центральному автолокзалу что поближе.",
        "channel":"Клиент"
    },
    {
        "start":101.48,
        "end":106.22,
        "text":" Угу, угу, ну давайте туда, там, до скольки они сделаны?",
        "channel":"Клиент"
    },
    {
        "start":113.06,
        "end":114.54,
        "text":" Все, добро, так, 52, да?",
        "channel":"Клиент"
    },
    {
        "start":116.42,
        "end":117.84,
        "text":" Ага, все, хорошо, спасибо.",
        "channel":"Клиент"
    },
    {
        "start":120.0,
        "end":122.98,
        "text":" Так, Мичурина, 120, да? Еще раз.",
        "channel":"Клиент"
    },
    {
        "start":123.94,
        "end":125.4,
        "text":" Ага, все, все, хорошо, спасибо.",
        "channel":"Клиент"
    },
    {
        "start":127.06,
        "end":127.7,
        "text":" Все, хорошо.",
        "channel":"Клиент"
    },
    {
        "start":127.98,
        "end":128.16,
        "text":" Угу.",
        "channel":"Клиент"
    }
]