[
    {
        "start":0.0,
        "end":5.34,
        "text":" артем добрый день вас беспокоит магазина из кейс передай ваш номер телефона просили",
        "channel":"Менеджер"
    },
    {
        "start":5.34,
        "end":8.88,
        "text":" позвонить по поводу айфона скажите пожалуйста какая модель интересует",
        "channel":"Менеджер"
    },
    {
        "start":8.88,
        "end":15.72,
        "text":" так 13 iphone а объем памяти цвет какой",
        "channel":"Менеджер"
    },
    {
        "start":15.72,
        "end":29.34,
        "text":" 128 так смотрите в наличии есть 128 зеленый и 128 темная ночь цена 53 900 52 900 при оплате",
        "channel":"Менеджер"
    },
    {
        "start":29.34,
        "end":34.54,
        "text":" наличии но для вас будет со скидкой сможете забрать за 50 52",
        "channel":"Менеджер"
    },
    {
        "start":34.54,
        "end":42.06,
        "text":" так какой цвет можно зеленый или темно-синий",
        "channel":"Менеджер"
    },
    {
        "start":42.06,
        "end":46.84,
        "text":" темно-синий так все скажу",
        "channel":"Менеджер"
    },
    {
        "start":46.84,
        "end":54.34,
        "text":" так минутку",
        "channel":"Менеджер"
    },
    {
        "start":54.34,
        "end":54.58,
        "text":" и",
        "channel":"Менеджер"
    },
    {
        "start":54.58,
        "end":58.34,
        "text":" так",
        "channel":"Менеджер"
    },
    {
        "start":59.34,
        "end":63.66,
        "text":" так 13 iphone на 128 гигабайт темная ночь",
        "channel":"Менеджер"
    },
    {
        "start":63.66,
        "end":71.72,
        "text":" так сможете забрать он есть на мичурин 120 на карл маркс 55 герб димитра 104",
        "channel":"Менеджер"
    },
    {
        "start":71.72,
        "end":76.68,
        "text":" клиническая 25 и самарская дышите 68 в каком магазине вот удобно забрать",
        "channel":"Менеджер"
    },
    {
        "start":76.68,
        "end":80.1,
        "text":" ромарк 55",
        "channel":"Менеджер"
    },
    {
        "start":80.1,
        "end":88.32,
        "text":" это тухачевская киевская пересечении ну где баток фитнес",
        "channel":"Менеджер"
    },
    {
        "start":89.34,
        "end":91.94,
        "text":" на",
        "channel":"Менеджер"
    },
    {
        "start":91.94,
        "end":92.98,
        "text":" а",
        "channel":"Менеджер"
    },
    {
        "start":92.98,
        "end":98.38,
        "text":" центрального локзала так же elevate",
        "channel":"Менеджер"
    },
    {
        "start":98.56,
        "end":103.38,
        "text":" или michurino 120 будет ну да мне через 120 06",
        "channel":"Менеджер"
    },
    {
        "start":103.38,
        "end":104.1,
        "text":" мишин",
        "channel":"Менеджер"
    },
    {
        "start":104.1,
        "end":105.46,
        "text":" есть",
        "channel":"Менеджер"
    },
    {
        "start":105.46,
        "end":106.04,
        "text":" но",
        "channel":"Менеджер"
    },
    {
        "start":106.04,
        "end":113.02,
        "text":" до 8 часов вечера подъезд так назовете ваш номер телефона да и заберете заказ оплата наличным напоминаю",
        "channel":"Менеджер"
    },
    {
        "start":113.02,
        "end":115.42,
        "text":" да все 2",
        "channel":"Менеджер"
    },
    {
        "start":115.42,
        "end":115.86,
        "text":" все же",
        "channel":"Менеджер"
    },
    {
        "start":115.86,
        "end":117.86,
        "text":" рука",
        "channel":"Менеджер"
    },
    {
        "start":117.86,
        "end":118.18,
        "text":" телефоном не делись точно мне на их дворцах до свидания смогу уже отвечаете быстро это",
        "channel":"Менеджер"
    },
    {
        "start":118.18,
        "end":118.22,
        "text":" используйте tiers live McLare Air чтобы ставить переездчик в начале выручки дальше выигратьиреiling.com",
        "channel":"Менеджер"
    },
    {
        "start":118.22,
        "end":118.28,
        "text":" до свидания",
        "channel":"Менеджер"
    },
    {
        "start":118.28,
        "end":118.98,
        "text":" lg AAA",
        "channel":"Менеджер"
    },
    {
        "start":118.98,
        "end":119.22,
        "text":" До свидания.",
        "channel":"Менеджер"
    },
    {
        "start":122.14,
        "end":122.9,
        "text":" Совершенно верно.",
        "channel":"Менеджер"
    },
    {
        "start":123.0,
        "end":123.98,
        "text":" Мичурина 120, да.",
        "channel":"Менеджер"
    },
    {
        "start":124.08,
        "end":126.12,
        "text":" iPhone 13 на 128, темная ночь.",
        "channel":"Менеджер"
    },
    {
        "start":127.22,
        "end":127.38,
        "text":" Да.",
        "channel":"Менеджер"
    },
    {
        "start":128.36,
        "end":129.0,
        "text":" До свидания.",
        "channel":"Менеджер"
    }
]