[
    {
        "start":0.0,
        "end":11.66,
        "text":" Алло. Здравствуйте, да. Да, все верно.",
        "channel":"Клиент"
    },
    {
        "start":11.66,
        "end":26.48,
        "text":" Угу. Угу. Тогда можно, пожалуйста, поменять на серый?",
        "channel":"Клиент"
    },
    {
        "start":28.48,
        "end":37.1,
        "text":" Ну да, да. На улице Победы. Угу.",
        "channel":"Клиент"
    },
    {
        "start":41.66,
        "end":52.78,
        "text":" Хорошо. А можно не в WhatsApp, можно в какой-то другой мессенджер? Просто я им не пользуюсь вообще. Или только туда?",
        "channel":"Клиент"
    },
    {
        "start":55.6,
        "end":67.32,
        "text":" Угу. Да. Отлично. И еще вопрос такой. Подождите, пожалуйста. Сколько будет храниться телефон? То есть вот он придет, и сколько он будет находиться в магазине?",
        "channel":"Клиент"
    },
    {
        "start":70.58,
        "end":71.22,
        "text":" Угу.",
        "channel":"Клиент"
    },
    {
        "start":71.66,
        "end":90.68,
        "text":" То есть до 22-го числа. А если я позже смогу его забрать только? Нельзя так будет? Я хотела в понедельник его забрать. Есть такая возможность? Или только в течение трех дней он будет храниться?",
        "channel":"Клиент"
    },
    {
        "start":96.28,
        "end":101.48,
        "text":" Спасибо вам большое. Я просто сейчас не в Самаре нахожусь, не в области.",
        "channel":"Клиент"
    },
    {
        "start":101.66,
        "end":105.22,
        "text":" Вообще. Привет только в воскресенье. Ага.",
        "channel":"Клиент"
    },
    {
        "start":107.48,
        "end":116.36,
        "text":" Да, да, все верно. Угу. Спасибо вам большое тогда. Ага. Спасибо вам тоже. До свидания.",
        "channel":"Клиент"
    },
    {
        "start":116.36,
        "end":118.4,
        "text":" Спасибо.",
        "channel":"Клиент"
    },
    {
        "start":133.2,
        "end":134.8,
        "text":" Спасибо.",
        "channel":"Клиент"
    },
    {
        "start":139.8,
        "end":142.52,
        "text":" Спасибо.",
        "channel":"Клиент"
    },
    {
        "start":142.52,
        "end":143.64,
        "text":" Спасибо.",
        "channel":"Клиент"
    },
    {
        "start":143.64,
        "end":144.6,
        "text":" Спасибо.",
        "channel":"Клиент"
    },
    {
        "start":144.6,
        "end":145.04,
        "text":" Спасибо.",
        "channel":"Клиент"
    },
    {
        "start":145.04,
        "end":145.1,
        "text":" Спасибо.",
        "channel":"Клиент"
    },
    {
        "start":145.1,
        "end":145.32,
        "text":" Спасибо.",
        "channel":"Клиент"
    },
    {
        "start":145.34,
        "end":145.74,
        "text":" Спасибо.",
        "channel":"Клиент"
    },
    {
        "start":145.74,
        "end":145.78,
        "text":" Спасибо.",
        "channel":"Клиент"
    },
    {
        "start":145.78,
        "end":145.82,
        "text":" Спасибо.",
        "channel":"Клиент"
    },
    {
        "start":145.82,
        "end":145.92,
        "text":" Спасибо.",
        "channel":"Клиент"
    },
    {
        "start":145.92,
        "end":146.24,
        "text":" Спасибо.",
        "channel":"Клиент"
    }
]