[
    {
        "start":1.0,
        "end":3.34,
        "text":" Карин, добрый день. Магазин IceCase беспокоит.",
        "channel":"Менеджер"
    },
    {
        "start":5.18,
        "end":9.78,
        "text":" Звоню по поводу вашего интернет-заказа на 15 ProMax 256 белый титан.",
        "channel":"Менеджер"
    },
    {
        "start":10.5,
        "end":18.32,
        "text":" К сожалению, его в наличии нет, и под заказ тоже пока не сможем привезти дефицит именно этого цвета, белого титана.",
        "channel":"Менеджер"
    },
    {
        "start":18.8,
        "end":21.54,
        "text":" Остальные есть. В ближайшее время точно не будет.",
        "channel":"Менеджер"
    },
    {
        "start":26.54,
        "end":28.5,
        "text":" Так, натуральный титан, да?",
        "channel":"Менеджер"
    },
    {
        "start":30.0,
        "end":36.18,
        "text":" Угу. Так, и в магазине на 22... Победы.",
        "channel":"Менеджер"
    },
    {
        "start":39.38,
        "end":41.54,
        "text":" Там сейчас на данный момент нету, но мы переместим.",
        "channel":"Менеджер"
    },
    {
        "start":41.68,
        "end":43.88,
        "text":" Как только он приедет на Победу, вам придется общение на WhatsApp.",
        "channel":"Менеджер"
    },
    {
        "start":44.58,
        "end":46.1,
        "text":" Я думаю, что там...",
        "channel":"Менеджер"
    },
    {
        "start":46.1,
        "end":56.4,
        "text":" Да, я понял. Хорошо, тогда мы вам позвоним, потому что у нас бот именно в WhatsApp.",
        "channel":"Менеджер"
    },
    {
        "start":56.8,
        "end":59.3,
        "text":" Все, тогда ожидайте. Хорошего дня, до свидания.",
        "channel":"Менеджер"
    },
    {
        "start":60.0,
        "end":60.42,
        "text":" Да-да-да.",
        "channel":"Менеджер"
    },
    {
        "start":61.38,
        "end":61.82,
        "text":" Угу.",
        "channel":"Менеджер"
    },
    {
        "start":67.0,
        "end":69.62,
        "text":" Три дня, получается, до 22 числа включительно?",
        "channel":"Менеджер"
    },
    {
        "start":76.62,
        "end":80.2,
        "text":" А когда вы сможете забрать?",
        "channel":"Менеджер"
    },
    {
        "start":83.34,
        "end":85.12,
        "text":" Понедельник, минуту.",
        "channel":"Менеджер"
    },
    {
        "start":85.12,
        "end":85.58,
        "text":" Есть.",
        "channel":"Менеджер"
    },
    {
        "start":86.38,
        "end":87.98,
        "text":" Он есть на кабинете 204.",
        "channel":"Менеджер"
    },
    {
        "start":88.38,
        "end":88.62,
        "text":" Спасибо.",
        "channel":"Менеджер"
    },
    {
        "start":89.22,
        "end":89.46,
        "text":" Спасибо.",
        "channel":"Менеджер"
    },
    {
        "start":90.0,
        "end":95.58,
        "text":" Давайте сделаю исключение. До понедельника, до 24-го сделаю включительную бронь.",
        "channel":"Менеджер"
    },
    {
        "start":96.42,
        "end":96.72,
        "text":" Вот.",
        "channel":"Менеджер"
    },
    {
        "start":97.78,
        "end":98.16,
        "text":" Ага.",
        "channel":"Менеджер"
    },
    {
        "start":99.9,
        "end":100.58,
        "text":" Ага.",
        "channel":"Менеджер"
    },
    {
        "start":102.76,
        "end":103.44,
        "text":" Хорошо.",
        "channel":"Менеджер"
    },
    {
        "start":104.8,
        "end":105.76,
        "text":" Ничего страшного.",
        "channel":"Менеджер"
    },
    {
        "start":106.14,
        "end":107.74,
        "text":" Оплата при получении наличным расчетом.",
        "channel":"Менеджер"
    },
    {
        "start":109.78,
        "end":110.14,
        "text":" Угу.",
        "channel":"Менеджер"
    },
    {
        "start":112.06,
        "end":113.24,
        "text":" Все, тогда будем ждать.",
        "channel":"Менеджер"
    },
    {
        "start":113.38,
        "end":114.62,
        "text":" Хорошего дня. До свидания.",
        "channel":"Менеджер"
    },
    {
        "start":117.0,
        "end":118.0,
        "text":" Спасибо.",
        "channel":"Менеджер"
    }
]