[{"Менеджер": " Добрый вечер."}, {"Клиент": " здравствуйте подскажите пожалуйста можете мне уточнить стоимость iphone"}, {"Клиент": " нужен 15 promax 512 гигабайт памяти цвет там натуральный титан"}, {"Менеджер": " Натуральных, к сожалению, сейчас в наличии нет, а цена актуальная 127 900."}, {"Менеджер": " Сможем завтра запросить информацию у поставщика на наличие данного устройства."}, {"Менеджер": " И если у него есть, то в среду привезем."}, {"Менеджер": " Сейчас в наличии только синий и белый остались."}, {"Клиент": " все понятно и цена одинаково 120 900"}, {"Менеджер": " А, и черный еще, прошу прощения."}, {"Менеджер": " Да, цена одинаковая на все."}, {"Клиент": " понятно ну ладно давайте тогда это вы еще не до восьми работе"}, {"Менеджер": " Да, все верно."}, {"Клиент": " да вообще все я понял ладно я тогда подумаю перезвоню спасибо"}, {"Менеджер": " Хорошо."}]