[
    {
        "start":0.0,
        "end":7.86,
        "text":" здравствуйте подскажите пожалуйста можете мне уточнить стоимость iphone",
        "channel":"Клиент"
    },
    {
        "start":7.86,
        "end":17.7,
        "text":" нужен 15 promax 512 гигабайт памяти цвет там натуральный титан",
        "channel":"Клиент"
    },
    {
        "start":30.0,
        "end":37.68,
        "text":" все понятно и цена одинаково 120 900",
        "channel":"Клиент"
    },
    {
        "start":37.68,
        "end":43.9,
        "text":" понятно ну ладно давайте тогда это вы еще не до восьми работе",
        "channel":"Клиент"
    },
    {
        "start":43.9,
        "end":49.74,
        "text":" да вообще все я понял ладно я тогда подумаю перезвоню спасибо",
        "channel":"Клиент"
    }
]