[
    {
        "start":0.48,
        "end":1.32,
        "text":" Добрый вечер.",
        "channel":"Менеджер"
    },
    {
        "start":18.6,
        "end":23.52,
        "text":" Натуральных, к сожалению, сейчас в наличии нет, а цена актуальная 127 900.",
        "channel":"Менеджер"
    },
    {
        "start":23.92,
        "end":27.94,
        "text":" Сможем завтра запросить информацию у поставщика на наличие данного устройства.",
        "channel":"Менеджер"
    },
    {
        "start":28.26,
        "end":29.92,
        "text":" И если у него есть, то в среду привезем.",
        "channel":"Менеджер"
    },
    {
        "start":30.32,
        "end":32.54,
        "text":" Сейчас в наличии только синий и белый остались.",
        "channel":"Менеджер"
    },
    {
        "start":33.34,
        "end":34.76,
        "text":" А, и черный еще, прошу прощения.",
        "channel":"Менеджер"
    },
    {
        "start":37.46,
        "end":39.32,
        "text":" Да, цена одинаковая на все.",
        "channel":"Менеджер"
    },
    {
        "start":44.42,
        "end":45.5,
        "text":" Да, все верно.",
        "channel":"Менеджер"
    },
    {
        "start":49.88,
        "end":50.4,
        "text":" Хорошо.",
        "channel":"Менеджер"
    }
]