[
  {
    "Менеджер": " Добрый день, магазин Айчпись, меня зовут Игнат, чем могу помочь?"
  },
  {
    "Клиент": " добрый день скажите такой вопрос андроиды берете на ремонт"
  },
  {
    "Менеджер": " Нет, у нас ремонт только техники Apple."
  },
  {
    "Клиент": " так понял все хорошо спасибо"
  },
  {
    "Менеджер": " Да, конечно."
  }
]