[
    {
        "start":0.0,
        "end":7.64,
        "text":" добрый день сейчас звонили от вас я просто другому телефону говорил я зовут андрей",
        "channel":"Клиент"
    },
    {
        "start":7.64,
        "end":24.8,
        "text":" суммы суммы какая",
        "channel":"Клиент"
    },
    {
        "start":24.8,
        "end":35.92,
        "text":" завтрак может быть дел да да все хорошо просто еще немножко другой стране спасибо",
        "channel":"Клиент"
    }
]