[
    {
        "start":0.0,
        "end":2.68,
        "text":" Добрый день, магазин Айскейс. Меня зовут Александр. Чем могу помочь?",
        "channel":"Менеджер"
    },
    {
        "start":5.3,
        "end":6.26,
        "text":" А, да, да.",
        "channel":"Менеджер"
    },
    {
        "start":7.06,
        "end":9.6,
        "text":" Да, Андрей, смотрите, по поводу вашего заказа.",
        "channel":"Менеджер"
    },
    {
        "start":9.64,
        "end":13.86,
        "text":" Да, получилось пораньше, то есть сегодня уже iPad пришел,",
        "channel":"Менеджер"
    },
    {
        "start":14.1,
        "end":18.72,
        "text":" он сейчас перемещается в магазин, который вы выбрали, на клиническую.",
        "channel":"Менеджер"
    },
    {
        "start":18.72,
        "end":23.02,
        "text":" Вот, как только заказ будет готов к выдаче, можете подходить, забирать оплату, напоминаю, наличную.",
        "channel":"Менеджер"
    },
    {
        "start":25.5,
        "end":26.72,
        "text":" 79,990.",
        "channel":"Менеджер"
    },
    {
        "start":26.72,
        "end":31.36,
        "text":" Да, конечно, с утра, пожалуйста, можете подойти.",
        "channel":"Менеджер"
    },
    {
        "start":32.46,
        "end":33.52,
        "text":" Мы работаем с 10 часов.",
        "channel":"Менеджер"
    },
    {
        "start":34.04,
        "end":34.7,
        "text":" Хорошего дня.",
        "channel":"Менеджер"
    },
    {
        "start":35.98,
        "end":37.08,
        "text":" Да, до свидания.",
        "channel":"Менеджер"
    }
]