[
    {
        "start":0.0,
        "end":9.7,
        "text":" а расти а я хочу спросить а сейчас не подскажет асфальт iphone 15 сейчас в",
        "channel":"Клиент"
    },
    {
        "start":9.7,
        "end":18.54,
        "text":" какую-то хамисе стоимость у вас вот на данного обычно базовая колеса",
        "channel":"Клиент"
    },
    {
        "start":18.54,
        "end":31.94,
        "text":" смотрите а вот по поводу айпадов у вас сейчас это какие есть у допустим призы",
        "channel":"Клиент"
    },
    {
        "start":31.94,
        "end":42.46,
        "text":" ipad ну не прошли версии а вообще узнать ударе наличном вообще какая стоимость просто",
        "channel":"Клиент"
    },
    {
        "start":42.46,
        "end":47.82,
        "text":" за счет цены от у всех равны вот если там вот",
        "channel":"Клиент"
    },
    {
        "start":48.54,
        "end":53.64,
        "text":" Давайте я вам сейчас скажу, какая модель, а вы просто скажите, где это есть и какая ее стоимость. Хорошо?",
        "channel":"Клиент"
    },
    {
        "start":55.5,
        "end":61.58,
        "text":" Посмотрите, мне вот эйровские, которые сейчас последние вышли, если они у вас есть, то они по какой будут... какая стоимость у них?",
        "channel":"Клиент"
    },
    {
        "start":65.86,
        "end":70.64,
        "text":" Ну, эйр, вот последняя модель в этом году, которая вышла, вот сейчас буквально.",
        "channel":"Клиент"
    },
    {
        "start":75.74,
        "end":77.92,
        "text":" Ну, давайте вот одиннадцатый, который платит.",
        "channel":"Клиент"
    },
    {
        "start":78.54,
        "end":88.52,
        "text":" А сколько сейчас у них там объема в пункте памяти минимальный?",
        "channel":"Клиент"
    },
    {
        "start":88.52,
        "end":99.84,
        "text":" Это 70, грубо говоря, плюс айфон, да, где-то также 70, 140, понятно.",
        "channel":"Клиент"
    },
    {
        "start":100.22,
        "end":107.0,
        "text":" А в наличии они, вот это, эйровские вообще где у вас есть? Или по заказу?",
        "channel":"Клиент"
    },
    {
        "start":107.84,
        "end":108.52,
        "text":" А, только по заказу.",
        "channel":"Клиент"
    },
    {
        "start":108.54,
        "end":112.54,
        "text":" А айфоны, да, вот, к примеру, они везде есть, на всех у вас магазинах.",
        "channel":"Клиент"
    },
    {
        "start":116.18,
        "end":118.56,
        "text":" Так, а там стекло, это тоже клеить у вас, да?",
        "channel":"Клиент"
    },
    {
        "start":124.06,
        "end":125.12,
        "text":" Все понятно.",
        "channel":"Клиент"
    },
    {
        "start":126.46,
        "end":127.72,
        "text":" Ладно, все, понял.",
        "channel":"Клиент"
    },
    {
        "start":127.84,
        "end":128.64,
        "text":" Все, большое спасибо.",
        "channel":"Клиент"
    },
    {
        "start":129.28,
        "end":130.8,
        "text":" Посмотрим потом, все, перезвоним.",
        "channel":"Клиент"
    },
    {
        "start":131.02,
        "end":132.08,
        "text":" До свидания.",
        "channel":"Клиент"
    }
]