[
    {
        "start":0.0,
        "end":3.0,
        "text":" Добрый день, магазин IceCase. Меня зовут Дмитрий. Чем могу помочь?",
        "channel":"Менеджер"
    },
    {
        "start":3.0,
        "end":14.9,
        "text":" Какой именно? Айфон 15 обычный?",
        "channel":"Менеджер"
    },
    {
        "start":18.48,
        "end":24.24,
        "text":" 15 на 128 гигабайтов, цена 69 900. Цена с заплатой за наличными.",
        "channel":"Менеджер"
    },
    {
        "start":30.0,
        "end":38.08,
        "text":" Прямо сейчас, если купить? Прямо сейчас, если купить? В наличии?",
        "channel":"Менеджер"
    },
    {
        "start":44.08,
        "end":46.96,
        "text":" Ну, смотрите, айпадов очень много разных моделей.",
        "channel":"Менеджер"
    },
    {
        "start":47.4,
        "end":49.14,
        "text":" Зависит, какой модель вас интересует.",
        "channel":"Менеджер"
    },
    {
        "start":60.0,
        "end":64.64,
        "text":" Air 3 последние. 11 или 13?",
        "channel":"Менеджер"
    },
    {
        "start":69.54,
        "end":74.28,
        "text":" Ну да, их вышли две модели в двух диагоналях. Air 13 и Air 11.",
        "channel":"Менеджер"
    },
    {
        "start":78.24,
        "end":84.16,
        "text":" 11. Под заказ. Самая базовая модель 69 990.",
        "channel":"Менеджер"
    },
    {
        "start":88.12,
        "end":89.98,
        "text":" 120, 128 минимально.",
        "channel":"Менеджер"
    },
    {
        "start":90.0,
        "end":90.16,
        "text":" 120, 128 минимально.",
        "channel":"Менеджер"
    },
    {
        "start":94.84,
        "end":96.78,
        "text":" Ну, да.",
        "channel":"Менеджер"
    },
    {
        "start":105.16,
        "end":107.16,
        "text":" Нет, айпады только под заказ.",
        "channel":"Менеджер"
    },
    {
        "start":111.7,
        "end":114.88,
        "text":" Айфон есть, но не везде. В некоторых магазинах.",
        "channel":"Менеджер"
    },
    {
        "start":118.88,
        "end":119.88,
        "text":" Да, все есть.",
        "channel":"Менеджер"
    },
    {
        "start":120.0,
        "end":123.76,
        "text":" Есть аксессуары, есть чехлы, защитные стекла, адаптеры. Все имеется.",
        "channel":"Менеджер"
    },
    {
        "start":129.18,
        "end":130.3,
        "text":" Хорошо, до свидания.",
        "channel":"Менеджер"
    }
]