[
  {
    "Менеджер": "Добрыйдень,магазинISKINIS,менязовутНастя,могупомочь?"
  },
  {
    "Клиент": "здравствуйтеподскажитепожалуйстаявотувасприобрелтелефоннедавновотноистарыйсвойтелефонстерсоответственноисейчасхочуновыйappleайдитамсоздатьаонговоритнастоящеевремянуневозможноэтонеудалосьсоздатьновуюучетнуюзаписькак-тоэтоможновопросрешитьневопросдляребенкадопустимнужентелефончтобыемуотдатьегону"
  },
  {
    "Менеджер": "Японялвас.Этополучаетсянастаромустройстве,исейчасневозможносоздатьсчетнуюзаписьAppleID?"
  },
  {
    "Клиент": "да"
  },
  {
    "Менеджер": "Так,либопопробоватьпозже,этосамыйдейственныйвариант,возможно,просто"
  },
  {
    "Клиент": "я"
  },
  {
    "Менеджер": "какой-тосбой.Либопрямпробуйте,прямпостоянно.Раноилипозднопройдет.Скореевсего,простоиз-засанкций,потомучтоколичествосерверов,наверное,перезабито.Унихчастобываетобновления"
  },
  {
    "Клиент": "помню"
  },
  {
    "Менеджер": "необновляются."
  },
  {
    "Клиент": "но"
  },
  {
    "Менеджер": "Тоестьпопробуйте"
  },
  {
    "Клиент": "вотон"
  },
  {
    "Менеджер": "так."
  },
  {
    "Клиент": "ипишет"
  },
  {
    "Менеджер": "Либо"
  },
  {
    "Клиент": "внастоящеевремясоздатьученуюзаписьневозможнояпростодумал"
  },
  {
    "Менеджер": "попробуйте,"
  },
  {
    "Клиент": "может"
  },
  {
    "Менеджер": "если"
  },
  {
    "Клиент": "быть"
  },
  {
    "Менеджер": "что,"
  },
  {
    "Клиент": "а"
  },
  {
    "Менеджер": "просточерезбраузерзайтинасайтiCloud.comитамсоздатьAppleID.Попробуйтееготамсоздать.Нестелефонасразуже,авотпростососвоего,например,"
  },
  {
    "Клиент": "потомуже"
  },
  {
    "Менеджер": "телефона."
  },
  {
    "Клиент": "войтив"
  },
  {
    "Менеджер": "А"
  },
  {
    "Клиент": "негос"
  },
  {
    "Менеджер": "потом..."
  },
  {
    "Клиент": "телефон"
  },
  {
    "Менеджер": "Да,"
  },
  {
    "Клиент": "хорошо"
  },
  {
    "Менеджер": "да,да,да."
  },
  {
    "Клиент": "спасибоатамкакещеразсайтназывается"
  },
  {
    "Менеджер": "iCloud.com"
  },
  {
    "Клиент": "айклауд .всехорошоспасибодо"
  },
  {
    "Менеджер": "Хорошо."
  },
  {
    "Клиент": "свидания"
  },
  {
    "Менеджер": "Досвидания."
  }
]