[
    {
        "start":0.0,
        "end":11.4,
        "text":" Здравствуйте, а можно узнать, какая цена на iPhone 15 Pro Max на 256 гигабайт?",
        "channel":"Клиент"
    },
    {
        "start":30.0,
        "end":46.44,
        "text":" Это за наличный, да? А если без наличный?",
        "channel":"Клиент"
    },
    {
        "start":52.14,
        "end":53.8,
        "text":" Это за оплату по карте, да?",
        "channel":"Клиент"
    },
    {
        "start":60.0,
        "end":62.92,
        "text":" То есть по карте не везде, да, можно?",
        "channel":"Клиент"
    },
    {
        "start":65.76,
        "end":67.5,
        "text":" Поняла, хорошо, спасибо.",
        "channel":"Клиент"
    },
    {
        "start":69.76,
        "end":71.0,
        "text":" Спасибо, до свидания.",
        "channel":"Клиент"
    }
]