[
    {
        "start":0.0,
        "end":5.16,
        "text":" Доброе утро, магазин IceCase, меня зовут Дмитрий, чем могу помочь?",
        "channel":"Менеджер"
    },
    {
        "start":12.42,
        "end":13.42,
        "text":" Сейчас, минутку.",
        "channel":"Менеджер"
    },
    {
        "start":30.0,
        "end":59.98,
        "text":" Доброе утро, магазин IceCase, меня зовут Дмитрий, чем могу помочь?",
        "channel":"Менеджер"
    },
    {
        "start":60.0,
        "end":89.98,
        "text":" Доброе утро, магазин IceCase, меня зовут Дмитрий, чем могу помочь?",
        "channel":"Менеджер"
    }
]