[
    {
        "start":0.0,
        "end":9.3,
        "text":" здравствуйте скрыть пожалуйста я бы хотел бы реабилитировать телефон iphone 15 вопрос",
        "channel":"Клиент"
    },
    {
        "start":9.3,
        "end":28.98,
        "text":" цене сколько стоит и 256 до обычной но наличные по карте почему как не решаться",
        "channel":"Клиент"
    },
    {
        "start":28.98,
        "end":44.1,
        "text":" все понял понял понял так и как скоро есть наличие",
        "channel":"Клиент"
    },
    {
        "start":44.1,
        "end":56.4,
        "text":" понял-понял ладненько пасибо но забронируйте на 10",
        "channel":"Клиент"
    },
    {
        "start":56.4,
        "end":56.58,
        "text":" и",
        "channel":"Клиент"
    },
    {
        "start":56.58,
        "end":63.3,
        "text":" если стоя на беру вам нет синий",
        "channel":"Клиент"
    },
    {
        "start":63.3,
        "end":69.3,
        "text":" когда",
        "channel":"Клиент"
    },
    {
        "start":69.3,
        "end":80.48,
        "text":" блин я возле логию санаторий волги нахожусь",
        "channel":"Клиент"
    },
    {
        "start":80.48,
        "end":84.66,
        "text":" о",
        "channel":"Клиент"
    },
    {
        "start":86.58,
        "end":90.96,
        "text":" я не знаю даже честно на такси 7 ехать",
        "channel":"Клиент"
    },
    {
        "start":93.02,
        "end":103.92,
        "text":" долго далековато от полу это блоги все равно а если розовый цвет нету наличии",
        "channel":"Клиент"
    },
    {
        "start":110.58,
        "end":114.54,
        "text":" да да да да да да есть",
        "channel":"Клиент"
    },
    {
        "start":116.58,
        "end":135.18,
        "text":" а понял ну хорошо давайте а еще вопрос артем а еще вопрос скидок книги больше",
        "channel":"Клиент"
    },
    {
        "start":135.18,
        "end":148.5,
        "text":" не удалось так вот участника слова в бетян боевых действий все понял понял все они красави",
        "channel":"Клиент"
    }
]