[
    {
        "start":0.0,
        "end":2.56,
        "text":" Доброе утро, магазин Айске. Меня зовут Дмитрий. Чем могу помочь?",
        "channel":"Менеджер"
    },
    {
        "start":10.86,
        "end":12.64,
        "text":" Какой объем памяти? Цвет интересует.",
        "channel":"Менеджер"
    },
    {
        "start":14.54,
        "end":15.58,
        "text":" 15-й обычный?",
        "channel":"Менеджер"
    },
    {
        "start":17.72,
        "end":20.96,
        "text":" 15-й у нас в наличии есть синий и черный.",
        "channel":"Менеджер"
    },
    {
        "start":21.58,
        "end":24.88,
        "text":" Цена 84 900 рублей за наличный расчет.",
        "channel":"Менеджер"
    },
    {
        "start":24.88,
        "end":33.34,
        "text":" По карте можно, только цена будет дороже, на 10%.",
        "channel":"Менеджер"
    },
    {
        "start":33.34,
        "end":35.44,
        "text":" Цена за наличный расчет со скидкой идет.",
        "channel":"Менеджер"
    },
    {
        "start":44.62,
        "end":47.88,
        "text":" Да, в наличии есть черный цвет и синий цвет в разных магазинах.",
        "channel":"Менеджер"
    },
    {
        "start":52.88,
        "end":53.4,
        "text":" Забронировать?",
        "channel":"Менеджер"
    },
    {
        "start":54.88,
        "end":59.98,
        "text":" Так, сейчас, минутку.",
        "channel":"Менеджер"
    },
    {
        "start":60.78,
        "end":61.42,
        "text":" Черный цвет?",
        "channel":"Менеджер"
    },
    {
        "start":63.76,
        "end":64.54,
        "text":" Синий, да?",
        "channel":"Менеджер"
    },
    {
        "start":65.08,
        "end":67.58,
        "text":" Он в наличии на победа 97. Там удобно забрать?",
        "channel":"Менеджер"
    },
    {
        "start":71.6,
        "end":76.84,
        "text":" 15-й 256, синий цвет в наличии на победа 97. Там удобно забрать?",
        "channel":"Менеджер"
    },
    {
        "start":81.76,
        "end":83.56,
        "text":" А какой магазин для вас ближайший?",
        "channel":"Менеджер"
    },
    {
        "start":84.88,
        "end":85.38,
        "text":" Аминь.",
        "channel":"Менеджер"
    },
    {
        "start":85.38,
        "end":90.84,
        "text":" Сейчас, минутку посмотрю.",
        "channel":"Менеджер"
    },
    {
        "start":96.38,
        "end":97.56,
        "text":" Сейчас.",
        "channel":"Менеджер"
    },
    {
        "start":97.56,
        "end":97.72,
        "text":" Сейчас.",
        "channel":"Менеджер"
    },
    {
        "start":103.22,
        "end":107.34,
        "text":" Так, розовый цвет нет в наличии, это только синий и черный.",
        "channel":"Менеджер"
    },
    {
        "start":107.66,
        "end":110.98,
        "text":" А в санаторию Волги, случайно, не где седьмая просика?",
        "channel":"Менеджер"
    },
    {
        "start":113.3,
        "end":114.86,
        "text":" Ну, скорее всего, наверное, для вас будет...",
        "channel":"Менеджер"
    },
    {
        "start":114.88,
        "end":118.88,
        "text":" Ближайший магазин – это 22-й портье, 294, это где апельсин, рядом с апельсином.",
        "channel":"Менеджер"
    },
    {
        "start":120.02,
        "end":123.1,
        "text":" Давайте я тогда сейчас сформирую заказ перемещением на 22-е,",
        "channel":"Менеджер"
    },
    {
        "start":123.22,
        "end":126.26,
        "text":" и уже в понедельник мы будем вас ожидать в магазине.",
        "channel":"Менеджер"
    },
    {
        "start":130.96,
        "end":131.88,
        "text":" Как вас зовут?",
        "channel":"Менеджер"
    },
    {
        "start":136.18,
        "end":143.5,
        "text":" Это уже со скидкой за наличный расчет, то есть при оплате наличными.",
        "channel":"Менеджер"
    },
    {
        "start":144.88,
        "end":148.04,
        "text":" Все, хорошего дня, до свидания.",
        "channel":"Менеджер"
    }
]