[{"Клиент": " Кабрина, добрый день."}, {"Клиент": " Смотрите, у меня телефон Asus ROG Phone 5."}, {"Менеджер": " Мы не ремонтируем, да, к сожалению, нет."}, {"Клиент": " Надо поменять шлейф."}, {"Клиент": " Межплатовый шлейф."}, {"Клиент": " Нет у меня."}, {"Менеджер": " У нас ремонт техники Apple."}, {"Клиент": " А, я не понял."}, {"Клиент": " Ну, извините. Всего доброго."}, {"Менеджер": " Да, конечно, хороший вечер."}]