[
    {
        "start":0.0,
        "end":4.96,
        "text":" Кабрина, добрый день.",
        "channel":"Клиент"
    },
    {
        "start":5.08,
        "end":6.98,
        "text":" Смотрите, у меня телефон Asus ROG Phone 5.",
        "channel":"Клиент"
    },
    {
        "start":8.08,
        "end":9.48,
        "text":" Надо поменять шлейф.",
        "channel":"Клиент"
    },
    {
        "start":10.24,
        "end":11.28,
        "text":" Межплатовый шлейф.",
        "channel":"Клиент"
    },
    {
        "start":11.96,
        "end":12.34,
        "text":" Нет у меня.",
        "channel":"Клиент"
    },
    {
        "start":17.06,
        "end":17.88,
        "text":" А, я не понял.",
        "channel":"Клиент"
    },
    {
        "start":18.14,
        "end":19.2,
        "text":" Ну, извините. Всего доброго.",
        "channel":"Клиент"
    }
]