[
    {
        "start":0.0,
        "end":14.68,
        "text":" Мы не ремонтируем, да, к сожалению, нет.",
        "channel":"Менеджер"
    },
    {
        "start":14.68,
        "end":15.78,
        "text":" У нас ремонт техники Apple.",
        "channel":"Менеджер"
    },
    {
        "start":19.74,
        "end":21.4,
        "text":" Да, конечно, хороший вечер.",
        "channel":"Менеджер"
    }
]