[
    {
        "start":0.0,
        "end":2.0,
        "text":" Здравствуйте!",
        "channel":"Клиент"
    },
    {
        "start":2.0,
        "end":4.0,
        "text":" Здравствуйте!",
        "channel":"Клиент"
    },
    {
        "start":4.0,
        "end":6.0,
        "text":" Здравствуйте!",
        "channel":"Клиент"
    },
    {
        "start":6.0,
        "end":29.76,
        "text":" Давайте, да.",
        "channel":"Клиент"
    },
    {
        "start":36.0,
        "end":52.32,
        "text":" Да, давайте напишите еще раз на 13 дюймов, iPad черный, да.",
        "channel":"Клиент"
    },
    {
        "start":58.32,
        "end":61.12,
        "text":" Ага, и еще у меня такой вопросик.",
        "channel":"Клиент"
    },
    {
        "start":62.12,
        "end":65.98,
        "text":" У нас есть Apple Pencil второго поколения, не распакованный.",
        "channel":"Клиент"
    },
    {
        "start":66.0,
        "end":70.96,
        "text":" Как раз к этому iPad подарили, мы поняли, что он не подходит.",
        "channel":"Клиент"
    },
    {
        "start":71.12,
        "end":74.8,
        "text":" Можно ли вам его трейдином потом?",
        "channel":"Клиент"
    },
    {
        "start":92.8,
        "end":95.88,
        "text":" А когда он распакованный?",
        "channel":"Клиент"
    },
    {
        "start":96.0,
        "end":101.5,
        "text":" Ну, он сколько, вот, все равно, грубо говоря, при вас, вот, распаковываем, а он уже не устанавливается.",
        "channel":"Клиент"
    },
    {
        "start":107.26,
        "end":107.78,
        "text":" Угу.",
        "channel":"Клиент"
    },
    {
        "start":110.4,
        "end":110.8,
        "text":" Угу.",
        "channel":"Клиент"
    },
    {
        "start":118.46,
        "end":118.98,
        "text":" Ага.",
        "channel":"Клиент"
    },
    {
        "start":123.9,
        "end":124.9,
        "text":" Да, да.",
        "channel":"Клиент"
    },
    {
        "start":126.0,
        "end":139.06,
        "text":" Да, да, да, да.",
        "channel":"Клиент"
    },
    {
        "start":139.06,
        "end":143.16,
        "text":" Спасибо большое.",
        "channel":"Клиент"
    },
    {
        "start":144.0,
        "end":144.42,
        "text":" Хорошо.",
        "channel":"Клиент"
    },
    {
        "start":145.02,
        "end":145.5,
        "text":" До свидания.",
        "channel":"Клиент"
    }
]