[
    {
        "start":0.0,
        "end":7.14,
        "text":" или добрый день магазина и есть меня зовут звание по поводу вашего предзаказа на айпад",
        "channel":"Менеджер"
    },
    {
        "start":7.14,
        "end":16.32,
        "text":" рот года на 512 запросили информацию посвящена у него такой есть а по стоимости у нас настоял",
        "channel":"Менеджер"
    },
    {
        "start":16.32,
        "end":26.12,
        "text":" на сайте 189 совсем далеко не актуальна цена 164 ровная вот если что привести о сможем в это",
        "channel":"Менеджер"
    },
    {
        "start":26.12,
        "end":36.32,
        "text":" воскресенье единственно что нужно будет предоплату в размере 5000 рублей можно приехать магазина",
        "channel":"Менеджер"
    },
    {
        "start":36.32,
        "end":53.06,
        "text":" ставить там наличными либо переводом на карту прямо сейчас напишу ipad pro 13 дюймов черный",
        "channel":"Менеджер"
    },
    {
        "start":53.06,
        "end":56.1,
        "text":" на 512 версия только с вайфаем цвет серебряный",
        "channel":"Менеджер"
    },
    {
        "start":56.12,
        "end":80.44,
        "text":" космос да да конечно можно будет но единственное что просто мы новую запечатанную технику мы честно",
        "channel":"Менеджер"
    },
    {
        "start":80.44,
        "end":86.1,
        "text":" говоря не принимаем а если его распаковать то он разумеется потеряет",
        "channel":"Менеджер"
    },
    {
        "start":86.1,
        "end":91.0,
        "text":" стоимости поэтому может быть имеет смысл его все-таки на авито продать",
        "channel":"Менеджер"
    },
    {
        "start":91.0,
        "end":107.76,
        "text":" но это я могу сейчас уточнить информацию наших отделов закупок подскажут они мне",
        "channel":"Менеджер"
    },
    {
        "start":107.76,
        "end":115.94,
        "text":" если что сколько он тогда будет стоить если что можно быть так а еще подскажите пожалуйста",
        "channel":"Менеджер"
    },
    {
        "start":116.1,
        "end":123.22,
        "text":" вот по заказу айпада вижу что у вас склад резерв стоит карл маркс 55 от этого магазина удобно",
        "channel":"Менеджер"
    },
    {
        "start":123.22,
        "end":131.5,
        "text":" заварить все отлично хорошо все я тогда сейчас вам ватсап напишу по поводу предоплаты в размере",
        "channel":"Менеджер"
    },
    {
        "start":131.5,
        "end":137.36,
        "text":" 5000 рублей переводом на карту и как раз таки уточню подскажите могу в отца фом ответить по",
        "channel":"Менеджер"
    },
    {
        "start":137.36,
        "end":144.28,
        "text":" поводу apple pencil а могу все хорошо хорошо сейчас тогда напишем вам отлично",
        "channel":"Менеджер"
    },
    {
        "start":146.1,
        "end":146.34,
        "text":" сегодня",
        "channel":"Менеджер"
    }
]