[
    {
        "start":0.0,
        "end":4.54,
        "text":" Александр, здравствуйте.",
        "channel":"Клиент"
    },
    {
        "start":5.7,
        "end":9.42,
        "text":" Хотел узнать, у вас подсумнее по срокам, если заказать телефон?",
        "channel":"Клиент"
    },
    {
        "start":9.42,
        "end":30.42,
        "text":" Так, а вам заявку можно оставить, чтобы перезвонили завтра по маликатору?",
        "channel":"Клиент"
    },
    {
        "start":32.42,
        "end":37.54,
        "text":" 15-й промаг, цвет черный.",
        "channel":"Клиент"
    },
    {
        "start":37.54,
        "end":39.14,
        "text":" Сейчас рассматривают.",
        "channel":"Клиент"
    },
    {
        "start":39.42,
        "end":42.12,
        "text":" Либо 256, либо 512.",
        "channel":"Клиент"
    },
    {
        "start":43.36,
        "end":44.64,
        "text":" Ну и тот, и тот.",
        "channel":"Клиент"
    },
    {
        "start":44.8,
        "end":46.16,
        "text":" По обоим вариантам.",
        "channel":"Клиент"
    },
    {
        "start":55.16,
        "end":56.56,
        "text":" Карты можно платить?",
        "channel":"Клиент"
    },
    {
        "start":69.42,
        "end":75.32,
        "text":" Это магазин не оплачивает было?",
        "channel":"Клиент"
    },
    {
        "start":78.04,
        "end":79.58,
        "text":" Они у вас в наличии в Самаре, да?",
        "channel":"Клиент"
    },
    {
        "start":92.8,
        "end":94.78,
        "text":" Да нет, я оплачу наличными, без проблем.",
        "channel":"Клиент"
    },
    {
        "start":99.42,
        "end":110.62,
        "text":" Там разница, сколько деньгах, сейчас, секунду, разница в деньгах, сколько сказали, если между ними?",
        "channel":"Клиент"
    },
    {
        "start":110.62,
        "end":126.62,
        "text":" Разница.",
        "channel":"Клиент"
    },
    {
        "start":126.62,
        "end":126.64,
        "text":" Разница.",
        "channel":"Клиент"
    },
    {
        "start":129.42,
        "end":134.96,
        "text":" Так, черных это 256, это, как понимаю, несколько магазинов есть.",
        "channel":"Клиент"
    },
    {
        "start":138.82,
        "end":139.26,
        "text":" Понятно.",
        "channel":"Клиент"
    },
    {
        "start":139.36,
        "end":140.78,
        "text":" Броню у вас на слуху можно ставить?",
        "channel":"Клиент"
    },
    {
        "start":144.32,
        "end":144.84,
        "text":" Отлично.",
        "channel":"Клиент"
    },
    {
        "start":147.52,
        "end":147.96,
        "text":" Отлично.",
        "channel":"Клиент"
    },
    {
        "start":148.74,
        "end":150.68,
        "text":" Так, все, я вас услышал, спасибо.",
        "channel":"Клиент"
    },
    {
        "start":154.3,
        "end":155.3,
        "text":" Спасибо.",
        "channel":"Клиент"
    }
]