[
    {
        "start":0.0,
        "end":2.32,
        "text":" Добрый день, магазин АСКС, меня зовут Александр, чем могу помочь?",
        "channel":"Менеджер"
    },
    {
        "start":10.82,
        "end":14.9,
        "text":" Если у поставщика он будет в наличии, завтра отправляем запрос,",
        "channel":"Менеджер"
    },
    {
        "start":14.98,
        "end":19.24,
        "text":" просто сегодня выходные, если у него будет в наличии, в среду, тогда ближайшая поставка.",
        "channel":"Менеджер"
    },
    {
        "start":22.22,
        "end":24.64,
        "text":" По цене я сориентирую только после того, как ответит поставщик.",
        "channel":"Менеджер"
    },
    {
        "start":30.0,
        "end":31.6,
        "text":" Да, конечно, что вас интересует?",
        "channel":"Менеджер"
    },
    {
        "start":35.32,
        "end":53.68,
        "text":" Так, ну, 15-й промакс на 256 черный, он есть в наличии, цена 108 900 при оплате за наличный расчет.",
        "channel":"Менеджер"
    },
    {
        "start":54.06,
        "end":56.08,
        "text":" И на 512.",
        "channel":"Менеджер"
    },
    {
        "start":57.54,
        "end":59.68,
        "text":" Карты можно, но стоимость увеличивается на 10%.",
        "channel":"Менеджер"
    },
    {
        "start":60.28,
        "end":62.74,
        "text":" И оплатить карты можно не во всех наших магазинах.",
        "channel":"Менеджер"
    },
    {
        "start":62.84,
        "end":67.62,
        "text":" На 512 он тоже есть в наличии, цена 129 900 при оплате за наличный расчет.",
        "channel":"Менеджер"
    },
    {
        "start":67.72,
        "end":69.68,
        "text":" Ну, соответственно, карта плюс опять же 10%.",
        "channel":"Менеджер"
    },
    {
        "start":70.28,
        "end":76.92,
        "text":" Да, конечно.",
        "channel":"Менеджер"
    },
    {
        "start":80.66,
        "end":85.58,
        "text":" Да, на 512 он один, на Георгия Дмитриева 104, а черный на 256.",
        "channel":"Менеджер"
    },
    {
        "start":87.48,
        "end":89.68,
        "text":" Так, но если оплачивать карты, то тогда на...",
        "channel":"Менеджер"
    },
    {
        "start":90.0,
        "end":101.74,
        "text":" А, ну, тогда можно еще подъехать на 22-й портфель, 194, клиническую 25, на 256, если вариант.",
        "channel":"Менеджер"
    },
    {
        "start":103.64,
        "end":104.54,
        "text":" Забронирую для вас.",
        "channel":"Менеджер"
    },
    {
        "start":111.02,
        "end":112.38,
        "text":" Так, одну минуту.",
        "channel":"Менеджер"
    },
    {
        "start":120.0,
        "end":123.66,
        "text":" 21 тысяча рублей ровно.",
        "channel":"Менеджер"
    },
    {
        "start":128.48,
        "end":129.04,
        "text":" Да.",
        "channel":"Менеджер"
    },
    {
        "start":135.44,
        "end":137.06,
        "text":" Да, есть в нескольких магазинах.",
        "channel":"Менеджер"
    },
    {
        "start":141.04,
        "end":142.3,
        "text":" На трое суток.",
        "channel":"Менеджер"
    },
    {
        "start":150.48,
        "end":152.02,
        "text":" До свидания.",
        "channel":"Менеджер"
    },
    {
        "start":168.84,
        "end":173.86,
        "text":" Играет музыка.",
        "channel":"Менеджер"
    },
    {
        "start":174.4,
        "end":177.48,
        "text":" Играет музыка.",
        "channel":"Менеджер"
    },
    {
        "start":177.48,
        "end":178.26,
        "text":" Играет музыка.",
        "channel":"Менеджер"
    },
    {
        "start":179.64,
        "end":179.96,
        "text":" Играет музыка.",
        "channel":"Менеджер"
    }
]