[
    {
        "start":0.0,
        "end":9.84,
        "text":" добрый день оставлял ipad на ремонт пару недель назад уже созванивался говорили о",
        "channel":"Клиент"
    },
    {
        "start":9.84,
        "end":18.24,
        "text":" том что там потребуется перепаять плату я так понимаю и на самарской",
        "channel":"Клиент"
    },
    {
        "start":18.24,
        "end":29.08,
        "text":" вопрос о готовности потому что там был такой не сказали сложный ремонт и может быть и не",
        "channel":"Клиент"
    },
    {
        "start":29.08,
        "end":36.94,
        "text":" получится но и времени долго займет но вроде уже прошло пару недель до хорошо спасибо",
        "channel":"Клиент"
    }
]