[
    {
        "start":0.0,
        "end":2.46,
        "text":" Добрый день, магазин IceCase. Меня зовут Александр. Чему помочь?",
        "channel":"Менеджер"
    },
    {
        "start":12.9,
        "end":15.56,
        "text":" Вам в интернете что-то передается с этого поколения?",
        "channel":"Менеджер"
    },
    {
        "start":15.62,
        "end":16.62,
        "text":" В какой магазин обращались?",
        "channel":"Менеджер"
    },
    {
        "start":18.52,
        "end":19.66,
        "text":" На Самарской.",
        "channel":"Менеджер"
    },
    {
        "start":20.32,
        "end":21.28,
        "text":" Так, а какой вопрос?",
        "channel":"Менеджер"
    },
    {
        "start":25.28,
        "end":26.96,
        "text":" Я не знаю, что это на себя надо.",
        "channel":"Менеджер"
    },
    {
        "start":30.0,
        "end":33.28,
        "text":" Я вот понял.",
        "channel":"Менеджер"
    },
    {
        "start":34.08,
        "end":35.54,
        "text":" Хорошо, а ждать вам сейчас перезвонят?",
        "channel":"Менеджер"
    },
    {
        "start":37.48,
        "end":38.18,
        "text":" До свидания.",
        "channel":"Менеджер"
    }
]