[
    {
        "start":0.0,
        "end":14.0,
        "text":" добрый день дмитрий оригинальный адаптер зарядника на 15 промо",
        "channel":"Клиент"
    },
    {
        "start":14.0,
        "end":29.42,
        "text":" сколько еще раз а не знаете в риторе дороже ставили у вас дорог",
        "channel":"Клиент"
    },
    {
        "start":29.42,
        "end":37.04,
        "text":" она 20 ответ у вас есть наличие",
        "channel":"Клиент"
    },
    {
        "start":37.04,
        "end":43.78,
        "text":" хорошо",
        "channel":"Клиент"
    },
    {
        "start":44.0,
        "end":48.02,
        "text":" спасибо",
        "channel":"Клиент"
    }
]