[
    {
        "start":0.0,
        "end":2.64,
        "text":" Добрый день, магазин IceCase, меня зовут Дмитрий, чем могу помочь?",
        "channel":"Менеджер"
    },
    {
        "start":15.66,
        "end":21.0,
        "text":" Да, есть у нас оригинальный адаптер питания, стоимость 2 990 рублей на 20 ватт.",
        "channel":"Менеджер"
    },
    {
        "start":21.96,
        "end":23.4,
        "text":" 2 990.",
        "channel":"Менеджер"
    },
    {
        "start":30.0,
        "end":32.58,
        "text":" Ой, этого я не знаю, не смотрел цены.",
        "channel":"Менеджер"
    },
    {
        "start":37.32,
        "end":39.98,
        "text":" Да, есть во всех наших магазинах, в большом достатке.",
        "channel":"Менеджер"
    },
    {
        "start":45.8,
        "end":46.8,
        "text":" Хорошего дня, до свидания.",
        "channel":"Менеджер"
    }
]