[
    {
        "start":0.0,
        "end":10.24,
        "text":" добрый день или доброе утро я вот у вас приобрел вчера на мичурина роутер вайфай",
        "channel":"Клиент"
    },
    {
        "start":10.24,
        "end":15.3,
        "text":" и там короче провод для зарядки он не подходит",
        "channel":"Клиент"
    },
    {
        "start":15.3,
        "end":28.26,
        "text":" нет блок блок был блок был и был провод проводочек но этот проводочек не подходит",
        "channel":"Клиент"
    },
    {
        "start":28.26,
        "end":44.1,
        "text":" самому роутеру до коротко остался только на это сегодня не можем попасть в любом случае",
        "channel":"Клиент"
    },
    {
        "start":44.1,
        "end":52.32,
        "text":" ну то есть в любой могу подать",
        "channel":"Клиент"
    },
    {
        "start":54.72,
        "end":57.72,
        "text":" а именно же в этот магазин",
        "channel":"Клиент"
    },
    {
        "start":58.26,
        "end":64.72,
        "text":" и показать им они могут поменять только провод или они захотят поменять на весь роутер",
        "channel":"Клиент"
    },
    {
        "start":64.72,
        "end":81.14,
        "text":" ладно пока у них нет у них нет по основу то есть мне придется потом",
        "channel":"Клиент"
    },
    {
        "start":81.14,
        "end":83.06,
        "text":" ждать чтобы забрать правильно получать",
        "channel":"Клиент"
    },
    {
        "start":89.02,
        "end":92.42,
        "text":" сеть этой тайжин суды у вас называется Every day Taitien War",
        "channel":"Клиент"
    },
    {
        "start":92.42,
        "end":103.58,
        "text":" который все от симки работает 4 G ca begon tell me on the gym from китайские так я не",
        "channel":"Клиент"
    },
    {
        "start":103.58,
        "end":116.04,
        "text":" skype беленький до этом могу сказать 3 890 да да да да да а в течение какого времени вы сможете",
        "channel":"Клиент"
    },
    {
        "start":116.04,
        "end":117.02,
        "text":" переместить три регистратора и вы можете пересчитать мой роутер.",
        "channel":"Клиент"
    },
    {
        "start":118.26,
        "end":124.06,
        "text":" трех-четырех",
        "channel":"Клиент"
    },
    {
        "start":124.06,
        "end":126.78,
        "text":" ну может тогда и сегодня и заскочим",
        "channel":"Клиент"
    },
    {
        "start":126.78,
        "end":128.42,
        "text":" все",
        "channel":"Клиент"
    },
    {
        "start":128.42,
        "end":130.62,
        "text":" спасибо, спасибо, до свидания",
        "channel":"Клиент"
    }
]