[
    {
        "start":0.0,
        "end":3.3,
        "text":" Доброе утро, магазин. Меня зовут Игнатьич. Могу помыть.",
        "channel":"Менеджер"
    },
    {
        "start":16.14,
        "end":22.64,
        "text":" А, вы имеете в виду блок сам в розетку? Или прям к роутеру?",
        "channel":"Менеджер"
    },
    {
        "start":30.0,
        "end":36.1,
        "text":" Так, очень странно. Если что, подойдите в магазин, сейчас заменим вам роутер. Проверим сразу на месте.",
        "channel":"Менеджер"
    },
    {
        "start":44.6,
        "end":49.0,
        "text":" А, если что, ничего страшного, в течение двух недель без каких-либо проблем с чеком.",
        "channel":"Менеджер"
    },
    {
        "start":53.8,
        "end":57.18,
        "text":" Вам нужно будет подойти именно в этот же магазин, то есть на Мичурину.",
        "channel":"Менеджер"
    },
    {
        "start":57.94,
        "end":59.96,
        "text":" Да, именно в этот же магазин, да. А так?",
        "channel":"Менеджер"
    },
    {
        "start":60.0,
        "end":60.82,
        "text":" Что это? Когда?",
        "channel":"Менеджер"
    },
    {
        "start":63.48,
        "end":70.0,
        "text":" Нет, весь роутер заменим, потому что если он некомплектный, нам просто, чтобы его поставщику также вернуть обратно.",
        "channel":"Менеджер"
    },
    {
        "start":75.12,
        "end":77.2,
        "text":" Все, так, приносите, заменим.",
        "channel":"Менеджер"
    },
    {
        "start":83.38,
        "end":86.22,
        "text":" Так, а вот подскажите, какой роутер вы приобрели?",
        "channel":"Менеджер"
    },
    {
        "start":86.22,
        "end":89.62,
        "text":" Я сейчас создам для вас заказ, и такой же роутер мы туда переместим.",
        "channel":"Менеджер"
    },
    {
        "start":90.0,
        "end":91.32,
        "text":" Там он, за вами забронированный.",
        "channel":"Менеджер"
    },
    {
        "start":97.1,
        "end":97.54,
        "text":" Ага.",
        "channel":"Менеджер"
    },
    {
        "start":103.04,
        "end":103.52,
        "text":" Беленький.",
        "channel":"Менеджер"
    },
    {
        "start":106.58,
        "end":108.18,
        "text":" Все, все, хорошо.",
        "channel":"Менеджер"
    },
    {
        "start":108.76,
        "end":111.58,
        "text":" Вижу, 3890. 3890, вот это.",
        "channel":"Менеджер"
    },
    {
        "start":112.26,
        "end":115.64,
        "text":" Да, все, хорошо, тогда я создаю заказ и перемещаем его.",
        "channel":"Менеджер"
    },
    {
        "start":117.34,
        "end":119.12,
        "text":" Так, постараемся сегодня.",
        "channel":"Менеджер"
    },
    {
        "start":120.0,
        "end":122.58,
        "text":" И, наверное, часов трех-четырех уже будет там.",
        "channel":"Менеджер"
    },
    {
        "start":127.4,
        "end":128.36,
        "text":" Все, отлично.",
        "channel":"Менеджер"
    },
    {
        "start":129.02,
        "end":130.72,
        "text":" Да, будем ждать.",
        "channel":"Менеджер"
    },
    {
        "start":131.2,
        "end":131.58,
        "text":" До свидания.",
        "channel":"Менеджер"
    },
    {
        "start":135.1,
        "end":136.1,
        "text":" Спасибо.",
        "channel":"Менеджер"
    }
]