[
    {
        "start":0.0,
        "end":6.94,
        "text":" Дмитрий, здравствуйте. Скажите, во-первых, а сколько работают у вас магазины?",
        "channel":"Клиент"
    },
    {
        "start":9.62,
        "end":12.28,
        "text":" Ага, до восьми. Это значит, через десять минут она закрывается.",
        "channel":"Клиент"
    },
    {
        "start":13.5,
        "end":17.08,
        "text":" Так, ладно. Тогда у меня другой еще вопрос, второй будет.",
        "channel":"Клиент"
    },
    {
        "start":17.46,
        "end":20.12,
        "text":" Скажите, пожалуйста, а у вас есть какая-то система, там, я не знаю,",
        "channel":"Клиент"
    },
    {
        "start":20.12,
        "end":22.24,
        "text":" там, рассрочки или что-то такое?",
        "channel":"Клиент"
    },
    {
        "start":30.0,
        "end":33.68,
        "text":" Ага, я поняла, хорошо услышала. Ладно, все, остальное на сайте.",
        "channel":"Клиент"
    }
]