[
    {
        "start":0.46,
        "end":2.86,
        "text":" Добрый вечер, магазин АСКС. Меня зовут Дмитрий. Чем могу помочь?",
        "channel":"Менеджер"
    },
    {
        "start":7.26,
        "end":8.2,
        "text":" С 10 до 8.",
        "channel":"Менеджер"
    },
    {
        "start":13.54,
        "end":14.24,
        "text":" Ну да.",
        "channel":"Менеджер"
    },
    {
        "start":22.72,
        "end":25.0,
        "text":" Нет, у нас рассрочек нет, но есть кредит.",
        "channel":"Менеджер"
    },
    {
        "start":25.08,
        "end":29.04,
        "text":" Кредит оформляется на Мичурь, на Победе и Георгия Димитрова.",
        "channel":"Менеджер"
    },
    {
        "start":30.0,
        "end":35.84,
        "text":" Хорошо, нет, до свидания.",
        "channel":"Менеджер"
    }
]