[
    {
        "start":0.0,
        "end":12.28,
        "text":" Добрый день, скажите, пожалуйста, в наличии есть на 512, на 1 терабайт, 512, как он, промакс?",
        "channel":"Клиент"
    },
    {
        "start":16.9,
        "end":18.76,
        "text":" Ну, либо натуральный, либо черный.",
        "channel":"Клиент"
    },
    {
        "start":30.0,
        "end":41.42,
        "text":" Так. Сколько, говорите, на 512 стоит?",
        "channel":"Клиент"
    },
    {
        "start":45.84,
        "end":48.84,
        "text":" Так, а на сайте у вас другая цена.",
        "channel":"Клиент"
    },
    {
        "start":56.56,
        "end":58.16,
        "text":" Вы что, не подорожали, что ли?",
        "channel":"Клиент"
    },
    {
        "start":60.0,
        "end":68.94,
        "text":" Я понял. Ладно, спасибо.",
        "channel":"Клиент"
    }
]