[
    {
        "start":0.16,
        "end":2.7,
        "text":" Добрый день, магазин Ice Case, меня зовут Дмитрий, чем могу помочь?",
        "channel":"Менеджер"
    },
    {
        "start":12.74,
        "end":16.1,
        "text":" 15 Pro Max есть на 512 на терабайт. Какой цвет интересует?",
        "channel":"Менеджер"
    },
    {
        "start":20.72,
        "end":28.7,
        "text":" На 512 есть наличие, на клинической 25, натуральный титан, 131 900 стоит.",
        "channel":"Менеджер"
    },
    {
        "start":30.0,
        "end":35.82,
        "text":" На терабайт также имеется наличие, на Карломарс 55, тоже натуральный титан, 145 900.",
        "channel":"Менеджер"
    },
    {
        "start":42.0,
        "end":44.62,
        "text":" 131 900 рублей, это за наличный расчет.",
        "channel":"Менеджер"
    },
    {
        "start":50.0,
        "end":54.56,
        "text":" Нет, сейчас идет корректировка, скоро цены поменяются на сайте.",
        "channel":"Менеджер"
    },
    {
        "start":58.24,
        "end":59.56,
        "text":" Да, вчера была ситуация.",
        "channel":"Менеджер"
    },
    {
        "start":60.0,
        "end":62.8,
        "text":" Вчера была ситуация с санкциями от США, из-за этого курс доллара повысился.",
        "channel":"Менеджер"
    },
    {
        "start":69.84,
        "end":70.64,
        "text":" До свидания.",
        "channel":"Менеджер"
    }
]