[{"Менеджер": " настроение."}, {"Менеджер": " Добрый день, магазин IceCase."}, {"Менеджер": " Меня зовут Игнат. Звоню по поводу"}, {"Менеджер": " вашего интернет-заказа на iPhone 13 Pro Max"}, {"Менеджер": " из Trade-In."}, {"Клиент": " Да, хорошо, спасибо."}, {"Менеджер": " Собрали заказ."}, {"Менеджер": " Перемещаем его в магазин"}, {"Менеджер": " на 22-й портье, 194."}, {"Менеджер": " Как он только переместится,"}, {"Менеджер": " вам в WhatsApp поступит сообщение."}, {"Менеджер": " Все, отлично,"}, {"Менеджер": " ожидайте."}, {"Менеджер": " Хорошего дня."}]