[
    {
        "start":0.0,
        "end":0.52,
        "text":" настроение.",
        "channel":"Менеджер"
    },
    {
        "start":2.56,
        "end":3.8,
        "text":" Добрый день, магазин IceCase.",
        "channel":"Менеджер"
    },
    {
        "start":3.9,
        "end":5.56,
        "text":" Меня зовут Игнат. Звоню по поводу",
        "channel":"Менеджер"
    },
    {
        "start":5.56,
        "end":8.66,
        "text":" вашего интернет-заказа на iPhone 13 Pro Max",
        "channel":"Менеджер"
    },
    {
        "start":8.66,
        "end":9.36,
        "text":" из Trade-In.",
        "channel":"Менеджер"
    },
    {
        "start":11.28,
        "end":12.26,
        "text":" Собрали заказ.",
        "channel":"Менеджер"
    },
    {
        "start":12.46,
        "end":13.88,
        "text":" Перемещаем его в магазин",
        "channel":"Менеджер"
    },
    {
        "start":13.88,
        "end":15.46,
        "text":" на 22-й портье, 194.",
        "channel":"Менеджер"
    },
    {
        "start":16.54,
        "end":17.78,
        "text":" Как он только переместится,",
        "channel":"Менеджер"
    },
    {
        "start":17.94,
        "end":19.26,
        "text":" вам в WhatsApp поступит сообщение.",
        "channel":"Менеджер"
    },
    {
        "start":21.18,
        "end":21.78,
        "text":" Все, отлично,",
        "channel":"Менеджер"
    },
    {
        "start":21.9,
        "end":22.26,
        "text":" ожидайте.",
        "channel":"Менеджер"
    },
    {
        "start":23.56,
        "end":24.36,
        "text":" Хорошего дня.",
        "channel":"Менеджер"
    }
]