[
    {
        "start":0.0,
        "end":14.74,
        "text":" Алло, Александр, я хотела бы по наличию сориентироваться, в каком филиале у вас есть 15-й пром, 512, синий и белый?",
        "channel":"Клиент"
    },
    {
        "start":16.9,
        "end":18.6,
        "text":" Ну, либо синий, либо белый.",
        "channel":"Клиент"
    },
    {
        "start":23.74,
        "end":25.94,
        "text":" А сколько ждать?",
        "channel":"Клиент"
    },
    {
        "start":30.0,
        "end":41.96,
        "text":" Так, а вы можете узнать, есть ли он в наличии, вот, либо тот, либо другой?",
        "channel":"Клиент"
    },
    {
        "start":48.08,
        "end":48.6,
        "text":" Перезвоните.",
        "channel":"Клиент"
    },
    {
        "start":54.88,
        "end":58.36,
        "text":" А, ну, то есть это не вот, что вы позвонили, узнаю.",
        "channel":"Клиент"
    },
    {
        "start":60.0,
        "end":70.16,
        "text":" Да, это надо прям, так, а сориентируйтесь по цене меня, там у вас на сайте написано наличные, либо карта, разная цена, да, я так понимаю?",
        "channel":"Клиент"
    },
    {
        "start":72.08,
        "end":77.56,
        "text":" Ага, ну, в общем, актуально, то, что на сайте, это актуальная информация, там каких-то скидок больше?",
        "channel":"Клиент"
    },
    {
        "start":78.08,
        "end":79.08,
        "text":" Да.",
        "channel":"Клиент"
    },
    {
        "start":79.08,
        "end":88.08,
        "text":" Угу, угу.",
        "channel":"Клиент"
    },
    {
        "start":90.0,
        "end":104.34,
        "text":" А, ну, да, вы в любом случае, да, да, да, номер у вас сохранился, вы видите, да, номер?",
        "channel":"Клиент"
    },
    {
        "start":105.04,
        "end":105.44,
        "text":" Угу.",
        "channel":"Клиент"
    },
    {
        "start":105.88,
        "end":110.36,
        "text":" Ну, все, хорошо, тогда буду ждать звонка. Спасибо вам, до свидания.",
        "channel":"Клиент"
    },
    {
        "start":114.08,
        "end":115.08,
        "text":" Спасибо.",
        "channel":"Клиент"
    }
]