[
    {
        "start":0.0,
        "end":2.48,
        "text":" Добрый день, магазин IceCase. Меня зовут Александр. Чем могу помочь?",
        "channel":"Менеджер"
    },
    {
        "start":15.66,
        "end":16.8,
        "text":" Так, одну минутку.",
        "channel":"Менеджер"
    },
    {
        "start":19.68,
        "end":25.12,
        "text":" Так, к сожалению, на 512 версии сейчас наличия нет вообще. Только под заказ можем привезти.",
        "channel":"Менеджер"
    },
    {
        "start":25.12,
        "end":30.62,
        "text":" Если поставщика будет в наличии, то забрать сможете в пятницу.",
        "channel":"Менеджер"
    },
    {
        "start":42.54,
        "end":54.48,
        "text":" Да, хорошо, давайте я тогда для вас сделаю заказ. Да, и как будет ответ, я вам перезвоню. Но, скорее всего, ответ получу, наверное, уже только завтра.",
        "channel":"Менеджер"
    },
    {
        "start":55.12,
        "end":61.12,
        "text":" Ну, да, потому что...",
        "channel":"Менеджер"
    },
    {
        "start":69.92,
        "end":71.22,
        "text":" Да, да.",
        "channel":"Менеджер"
    },
    {
        "start":75.94,
        "end":84.46,
        "text":" На сайте... Смотрите, у вас будет начислен кэшбэк, который в дальнейшем вы сможете потратить до 50%.",
        "channel":"Менеджер"
    },
    {
        "start":84.46,
        "end":85.08,
        "text":" 50%.",
        "channel":"Менеджер"
    },
    {
        "start":85.08,
        "end":85.1,
        "text":" 50%.",
        "channel":"Менеджер"
    },
    {
        "start":85.1,
        "end":87.24,
        "text":" 50% от стоимости товара на последующей покупке.",
        "channel":"Менеджер"
    },
    {
        "start":87.84,
        "end":96.32,
        "text":" Вот, по поводу цены. Цена указана в последней поставке. То есть там цена не актуальна. Актуальная цена будет известна только после того, как ответит поставщик.",
        "channel":"Менеджер"
    },
    {
        "start":96.46,
        "end":100.54,
        "text":" Поэтому завтра будет информация, ответ, и я вам позвоню и расскажу.",
        "channel":"Менеджер"
    },
    {
        "start":102.94,
        "end":105.1,
        "text":" Да, я все вижу. Да.",
        "channel":"Менеджер"
    },
    {
        "start":107.32,
        "end":109.8,
        "text":" Да, хорошего дня. До свидания.",
        "channel":"Менеджер"
    }
]