[
  {
    "Менеджер": "магазинаизпеснизалдмитрийчеммогупомочьэто"
  },
  {
    "Клиент": "Здравствуйте,этомагазин,которыйнаПобеде,нет?"
  },
  {
    "Менеджер": "вообщегорячаялиния"
  },
  {
    "Клиент": "А,вообщегорячая.Апрямовмагазинможнокак-нибудьпозвонитьилинет?"
  },
  {
    "Менеджер": "напрямуюнетнеможемвопроскакой-то"
  },
  {
    "Клиент": "Уменявопрос.Яхотелбыузнатьоналичиитовараиспросить,за20минутяуспеюкнимдобраться."
  },
  {
    "Менеджер": "вопросинтересует"
  },
  {
    "Клиент": "МеняинтересуетЯндекс.СтанцияАлисаЛайтс."
  },
  {
    "Менеджер": "но"
  },
  {
    "Клиент": "Я"
  },
  {
    "Менеджер": "смотрите"
  },
  {
    "Клиент": "еехочукупить,но,возможно,янеуспеюминутна5.Именявотинтересует,возможно,будеткак-нибудьэтореализовать."
  },
  {
    "Менеджер": "унаскоса8закрываютсяаяндекстанцыlightкакогоцветавасинтересует"
  },
  {
    "Клиент": "Ну,желтая,наверное."
  },
  {
    "Менеджер": "желтыйдадатаместьналичиевына5минутопознаете"
  },
  {
    "Клиент": "Ну,минутна5,да,максимум10.Мне"
  },
  {
    "Менеджер": "давайте"
  },
  {
    "Клиент": "прямонедолгодобираться."
  },
  {
    "Менеджер": "сейчаспередамвашномертелефонаребятамискажучтовыопоздаетеминутнапять-десять"
  },
  {
    "Клиент": "Отлично,спасибобольшое.Всегодоброго."
  },
  {
    "Менеджер": "ожидаемдостанем"
  }
]