[
    {
        "start":0.4,
        "end":3.0,
        "text":" Доброе утро, магазин IceCase. Меня зовут Дмитрий. Чем могу помочь?",
        "channel":"Менеджер"
    },
    {
        "start":9.48,
        "end":10.38,
        "text":" Какое устройство?",
        "channel":"Менеджер"
    },
    {
        "start":12.3,
        "end":14.54,
        "text":" Мы ремонтируем и обслуживаем только Apple технику.",
        "channel":"Менеджер"
    },
    {
        "start":18.56,
        "end":19.6,
        "text":" Хорошего дня, до свидания.",
        "channel":"Менеджер"
    }
]