[
    {
        "start":0.0,
        "end":7.92,
        "text":" Здравствуйте. Скажите, пожалуйста, у вас айфоновские наушники, которые Pro, есть в наличии?",
        "channel":"Клиент"
    },
    {
        "start":10.16,
        "end":10.6,
        "text":" Да.",
        "channel":"Клиент"
    },
    {
        "start":19.9,
        "end":24.68,
        "text":" Ясно. Так, а еще раз, характеристики, какие вы мне назвали, я просто не очень их понимаю.",
        "channel":"Клиент"
    },
    {
        "start":30.0,
        "end":44.68,
        "text":" Ага, понятно. То есть такой же, как у 15-го, хотите сказать, или какой? Или как у 15-го, да?",
        "channel":"Клиент"
    },
    {
        "start":45.94,
        "end":55.5,
        "text":" Так, хорошо. И такой вопрос. Вот мои прежние наушники аналогичные, потирали стиральные машинки, там просто очень плохой звук стал. Их можно что-нибудь с ними сделать?",
        "channel":"Клиент"
    },
    {
        "start":60.0,
        "end":63.48,
        "text":" То есть вообще бесполезно, да, что-то с ними сделать?",
        "channel":"Клиент"
    },
    {
        "start":65.74,
        "end":71.42,
        "text":" Ясно. Так, ладно, давайте тогда сейчас это, приеду за наушниками, за новыми к вам.",
        "channel":"Клиент"
    },
    {
        "start":73.48,
        "end":78.66,
        "text":" А, вот меня интересует, это, знаете, которые рядом с 5-й просекой, я не знаю, какая там улица.",
        "channel":"Клиент"
    },
    {
        "start":79.2,
        "end":79.96,
        "text":" Да, да, ага.",
        "channel":"Клиент"
    },
    {
        "start":82.96,
        "end":88.1,
        "text":" Все, хорошо, тогда подъеду. Вы не могли бы туда передать, чтобы они отложили на всякий случай?",
        "channel":"Клиент"
    },
    {
        "start":90.0,
        "end":92.0,
        "text":" Ага.",
        "channel":"Клиент"
    },
    {
        "start":93.1,
        "end":95.16,
        "text":" Все, хорошо, все, спасибо.",
        "channel":"Клиент"
    },
    {
        "start":96.16,
        "end":96.94,
        "text":" Спасибо.",
        "channel":"Клиент"
    },
    {
        "start":96.94,
        "end":97.7,
        "text":" Спасибо.",
        "channel":"Клиент"
    },
    {
        "start":97.7,
        "end":97.8,
        "text":" Спасибо.",
        "channel":"Клиент"
    }
]