[
    {
        "start":0.0,
        "end":2.56,
        "text":" Добрый день, магазин АСКС, меня зовут Дмитрий, чем могу помочь?",
        "channel":"Менеджер"
    },
    {
        "start":8.52,
        "end":9.32,
        "text":" AirPods Pro?",
        "channel":"Менеджер"
    },
    {
        "start":11.3,
        "end":18.26,
        "text":" Да, есть в наличии, прошки вторые, с Type-C разъемом, цена со скидкой за наличный расчет 22 500 рублей.",
        "channel":"Менеджер"
    },
    {
        "start":18.26,
        "end":35.9,
        "text":" Ну, это сейчас самые последние AirPods Pro второго поколения, 23-го года, зарядный футляр с Type-C разъемом, то есть там идет вот порт зарядки Type-C, это сейчас новый.",
        "channel":"Менеджер"
    },
    {
        "start":41.9,
        "end":44.8,
        "text":" Да, да, да, да, такой, 15-го.",
        "channel":"Менеджер"
    },
    {
        "start":48.26,
        "end":52.26,
        "text":" Так.",
        "channel":"Менеджер"
    },
    {
        "start":55.56,
        "end":61.32,
        "text":" К сожалению, сами AirPods, они не ремонтно пригодны, чинить нельзя.",
        "channel":"Менеджер"
    },
    {
        "start":63.06,
        "end":63.5,
        "text":" Угу.",
        "channel":"Менеджер"
    },
    {
        "start":70.44,
        "end":73.26,
        "text":" А в какой магазин, я вам скажу, есть ли там наличие или нет?",
        "channel":"Менеджер"
    },
    {
        "start":77.26,
        "end":78.24,
        "text":" 22-й портфель.",
        "channel":"Менеджер"
    },
    {
        "start":78.24,
        "end":78.26,
        "text":" 22-й портфель.",
        "channel":"Менеджер"
    },
    {
        "start":78.26,
        "end":82.88,
        "text":" Да, там есть наличие, три пары, так что можете приезжать.",
        "channel":"Менеджер"
    },
    {
        "start":88.5,
        "end":92.42,
        "text":" Да, я сейчас забронирую под ваш номер телефона, на кассе скажете, вам выйдут товары.",
        "channel":"Менеджер"
    },
    {
        "start":95.84,
        "end":96.7,
        "text":" Хорошего дня, до свидания.",
        "channel":"Менеджер"
    }
]