[
    {
        "start":0.0,
        "end":9.16,
        "text":" добрый день интересует чайник вот вас ксен здесь сейчас вам скажу марочку",
        "channel":"Клиент"
    },
    {
        "start":9.16,
        "end":22.56,
        "text":" да давайте попробуем длину со стекла на сайте нахожусь артикул честно говоря не",
        "channel":"Клиент"
    },
    {
        "start":22.56,
        "end":41.8,
        "text":" нашел вам последнюю цифру сказать или как 69 55 57 80 38",
        "channel":"Клиент"
    },
    {
        "start":49.12,
        "end":50.76,
        "text":" 38 105",
        "channel":"Клиент"
    },
    {
        "start":52.56,
        "end":60.72,
        "text":" галка скажите вот поэтому чайнику вот эта заварочная штука снимается с",
        "channel":"Клиент"
    },
    {
        "start":60.72,
        "end":62.58,
        "text":" него без него и стачу работать",
        "channel":"Клиент"
    },
    {
        "start":62.58,
        "end":78.28,
        "text":" на телефон высветился если так все будут дать . спасибо",
        "channel":"Клиент"
    }
]