[
    {
        "start":0.0,
        "end":11.52,
        "text":" добрый день магазина из киевс меня зовут александр чем к помощи вы можете сказать",
        "channel":"Менеджер"
    },
    {
        "start":11.52,
        "end":37.92,
        "text":" прям артикул не про все так 6955 минуту 57",
        "channel":"Менеджер"
    },
    {
        "start":41.52,
        "end":57.54,
        "text":" да увидел он у нас один остался",
        "channel":"Менеджер"
    },
    {
        "start":57.54,
        "end":68.52,
        "text":" так одну минутку",
        "channel":"Менеджер"
    },
    {
        "start":68.52,
        "end":71.44,
        "text":" дать",
        "channel":"Менеджер"
    },
    {
        "start":71.44,
        "end":71.5,
        "text":" я",
        "channel":"Менеджер"
    },
    {
        "start":71.5,
        "end":73.18,
        "text":" сейчас уточню этот момент я вам перезвоню",
        "channel":"Менеджер"
    },
    {
        "start":73.18,
        "end":76.48,
        "text":" да я вижу",
        "channel":"Менеджер"
    }
]