[{"Менеджер": " Добрый день, магазин NiceCase. Меня зовут Александр. Чем я могу помочь?"}, {"Клиент": " здравствуйте александр вопрос такой интересует телефон вот 15 обычные на 256 гигабайт где у"}, {"Менеджер": " Так, смотрите, цена 84 900 рублей при оплате наличными."}, {"Менеджер": " Есть черный, синий и розовый."}, {"Менеджер": " Розовый, да. Смотрите, черный."}, {"Клиент": " вас есть наличие каких цветов еще раз какая цена на лиза наличные на 128 версия"}, {"Менеджер": " 80 84 900 рублей."}, {"Менеджер": " 69 900 рублей."}, {"Клиент": " 990"}, {"Менеджер": " Да?"}, {"Клиент": " налик да за наличку а если переводом там ну пока по карте имеется в виду карта и оплатить"}, {"Менеджер": " Ну, переводу мы не принимаем."}, {"Менеджер": " Если карты, то плюс 10% к стоимости товара."}, {"Менеджер": " Но оплатить карты можно не..."}, {"Менеджер": " Не во всех магазинах, а только в четырех."}, {"Менеджер": " Это на Карл Маркс 55, Герой Димитров 104, Победа 97 и Мичурин 120."}, {"Клиент": " так а гамма цветов скажем так где есть у вас вот версии 128 например белые золотой"}, {"Менеджер": " Но белых, золотых не существует."}, {"Менеджер": " Есть синий, есть розовый."}, {"Менеджер": " Да."}, {"Клиент": " серы на сайт а синий розовый так синий розовый где в наличии они есть так карла маркса какой адрес"}, {"Менеджер": " Так, розовый есть на Мичурин 120, Карл Маркс 55, а синий есть на Клинической 25 и Самарской 268."}, {"Менеджер": " И на 22-м порте 114."}, {"Менеджер": " Карл Маркс 55."}, {"Клиент": " там есть какой синий да"}, {"Клиент": " ага а"}, {"Менеджер": " Розовый."}, {"Менеджер": " Да."}, {"Клиент": " розовый там а синие на клинической до"}, {"Менеджер": " На Клинической 25."}, {"Менеджер": " Но на Клинической 25 карты оплатить нельзя."}, {"Клиент": " клиническая 25 только наличка так ладно сейчас цветом мы определимся и видим спасибо"}, {"Менеджер": " И на 22-м."}, {"Менеджер": " Хорошо."}, {"Менеджер": " Хорошо."}, {"Менеджер": " Хорошего дня."}, {"Менеджер": " До свидания."}, {"Менеджер": " Редактор субтитров А.Семкин Корректор А.Егорова"}]