[
    {
        "start":0.0,
        "end":15.36,
        "text":" здравствуйте александр вопрос такой интересует телефон вот 15 обычные на 256 гигабайт где у",
        "channel":"Клиент"
    },
    {
        "start":15.36,
        "end":40.32,
        "text":" вас есть наличие каких цветов еще раз какая цена на лиза наличные на 128 версия",
        "channel":"Клиент"
    },
    {
        "start":40.32,
        "end":44.98,
        "text":" 990",
        "channel":"Клиент"
    },
    {
        "start":45.36,
        "end":53.34,
        "text":" налик да за наличку а если переводом там ну пока по карте имеется в виду карта и оплатить",
        "channel":"Клиент"
    },
    {
        "start":53.34,
        "end":75.34,
        "text":" так а гамма цветов скажем так где есть у вас вот версии 128 например белые золотой",
        "channel":"Клиент"
    },
    {
        "start":75.34,
        "end":97.9,
        "text":" серы на сайт а синий розовый так синий розовый где в наличии они есть так карла маркса какой адрес",
        "channel":"Клиент"
    },
    {
        "start":97.9,
        "end":102.36,
        "text":" там есть какой синий да",
        "channel":"Клиент"
    },
    {
        "start":102.36,
        "end":105.32,
        "text":" ага а",
        "channel":"Клиент"
    },
    {
        "start":105.34,
        "end":110.88,
        "text":" розовый там а синие на клинической до",
        "channel":"Клиент"
    },
    {
        "start":110.88,
        "end":123.1,
        "text":" клиническая 25 только наличка так ладно сейчас цветом мы определимся и видим спасибо",
        "channel":"Клиент"
    }
]