[
    {
        "start":0.0,
        "end":2.78,
        "text":" Добрый день, магазин NiceCase. Меня зовут Александр. Чем я могу помочь?",
        "channel":"Менеджер"
    },
    {
        "start":18.12,
        "end":21.98,
        "text":" Так, смотрите, цена 84 900 рублей при оплате наличными.",
        "channel":"Менеджер"
    },
    {
        "start":22.3,
        "end":26.74,
        "text":" Есть черный, синий и розовый.",
        "channel":"Менеджер"
    },
    {
        "start":26.74,
        "end":28.8,
        "text":" Розовый, да. Смотрите, черный.",
        "channel":"Менеджер"
    },
    {
        "start":30.06,
        "end":33.16,
        "text":" 80 84 900 рублей.",
        "channel":"Менеджер"
    },
    {
        "start":40.82,
        "end":42.9,
        "text":" 69 900 рублей.",
        "channel":"Менеджер"
    },
    {
        "start":46.34,
        "end":47.3,
        "text":" Да?",
        "channel":"Менеджер"
    },
    {
        "start":48.88,
        "end":51.04,
        "text":" Ну, переводу мы не принимаем.",
        "channel":"Менеджер"
    },
    {
        "start":51.98,
        "end":55.34,
        "text":" Если карты, то плюс 10% к стоимости товара.",
        "channel":"Менеджер"
    },
    {
        "start":55.42,
        "end":56.54,
        "text":" Но оплатить карты можно не...",
        "channel":"Менеджер"
    },
    {
        "start":56.74,
        "end":58.86,
        "text":" Не во всех магазинах, а только в четырех.",
        "channel":"Менеджер"
    },
    {
        "start":58.94,
        "end":63.28,
        "text":" Это на Карл Маркс 55, Герой Димитров 104, Победа 97 и Мичурин 120.",
        "channel":"Менеджер"
    },
    {
        "start":73.76,
        "end":78.6,
        "text":" Но белых, золотых не существует.",
        "channel":"Менеджер"
    },
    {
        "start":79.66,
        "end":81.28,
        "text":" Есть синий, есть розовый.",
        "channel":"Менеджер"
    },
    {
        "start":83.62,
        "end":84.22,
        "text":" Да.",
        "channel":"Менеджер"
    },
    {
        "start":86.74,
        "end":95.32,
        "text":" Так, розовый есть на Мичурин 120, Карл Маркс 55, а синий есть на Клинической 25 и Самарской 268.",
        "channel":"Менеджер"
    },
    {
        "start":95.78,
        "end":97.72,
        "text":" И на 22-м порте 114.",
        "channel":"Менеджер"
    },
    {
        "start":98.74,
        "end":99.9,
        "text":" Карл Маркс 55.",
        "channel":"Менеджер"
    },
    {
        "start":104.78,
        "end":105.58,
        "text":" Розовый.",
        "channel":"Менеджер"
    },
    {
        "start":107.26,
        "end":108.04,
        "text":" Да.",
        "channel":"Менеджер"
    },
    {
        "start":110.8,
        "end":112.34,
        "text":" На Клинической 25.",
        "channel":"Менеджер"
    },
    {
        "start":112.44,
        "end":114.14,
        "text":" Но на Клинической 25 карты оплатить нельзя.",
        "channel":"Менеджер"
    },
    {
        "start":116.74,
        "end":122.08,
        "text":" И на 22-м.",
        "channel":"Менеджер"
    },
    {
        "start":122.08,
        "end":122.52,
        "text":" Хорошо.",
        "channel":"Менеджер"
    },
    {
        "start":122.86,
        "end":123.08,
        "text":" Хорошо.",
        "channel":"Менеджер"
    },
    {
        "start":123.26,
        "end":123.74,
        "text":" Хорошего дня.",
        "channel":"Менеджер"
    },
    {
        "start":123.94,
        "end":124.28,
        "text":" До свидания.",
        "channel":"Менеджер"
    },
    {
        "start":127.78,
        "end":131.34,
        "text":" Редактор субтитров А.Семкин Корректор А.Егорова",
        "channel":"Менеджер"
    }
]