[
    {
        "start":0.0,
        "end":15.54,
        "text":" здравствуйте вы находитесь на клинической же да понятно я просто недалеко живу мне",
        "channel":"Клиент"
    },
    {
        "start":15.54,
        "end":29.16,
        "text":" интересует следующее у меня есть телефон samsung s10 е вот у него так сказать издыхает",
        "channel":"Клиент"
    },
    {
        "start":29.16,
        "end":41.58,
        "text":" аккумулятор вы можете заменить ну извините пожалуйста до свидания",
        "channel":"Клиент"
    }
]