[
    {
        "start":0.88,
        "end":3.58,
        "text":" Добрый день, магазин АСКС, меня зовут Игнатович, могу помочь?",
        "channel":"Менеджер"
    },
    {
        "start":8.38,
        "end":11.7,
        "text":" Ну, вы звоните на общую горячую линию, клиническую у нас есть магазин.",
        "channel":"Менеджер"
    },
    {
        "start":30.0,
        "end":35.3,
        "text":" А, к сожалению, нет, Самсунги мы не ремонтируем, у нас ремонт только айфонов.",
        "channel":"Менеджер"
    },
    {
        "start":38.44,
        "end":39.54,
        "text":" Да ничего страшного.",
        "channel":"Менеджер"
    },
    {
        "start":41.66,
        "end":42.9,
        "text":" Хорошего дня вам, до свидания.",
        "channel":"Менеджер"
    }
]