[{"Менеджер": " Доброе утро, магазин IceCase, меня зовут Дмитрий, чем могу помочь?"}, {"Клиент": " Дмитрий, доброе утро"}, {"Клиент": " Вчера делал заявку, обещали перезвонить"}, {"Клиент": " И что-то, к сожалению, не перезвонили"}, {"Клиент": " Нужен мне айфон 15 про"}, {"Клиент": " 512 память, черный цвет"}, {"Клиент": " Просто сказали, что уточнить"}, {"Клиент": " У поставщика и что-то"}, {"Клиент": " Второй день"}, {"Клиент": " Никак"}, {"Клиент": " Да"}, {"Менеджер": " 15 Pro на 512 черный титан?"}, {"Клиент": " На 118"}, {"Менеджер": " Доброе утро, магазин IceCase, меня зовут Дмитрий, чем могу помочь?"}, {"Клиент": " Наверное, с другого звонил"}, {"Клиент": " Скорее всего"}, {"Клиент": " Скорее всего, вот на 118"}, {"Клиент": " Заканчивается"}, {"Клиент": " Могу продиктовать"}, {"Клиент": " То есть, во сколько"}, {"Клиент": " Когда"}, {"Клиент": " Сергей меня зовут"}, {"Клиент": " Все, мне главное"}, {"Менеджер": " Доброе утро, магазин IceCase, меня зовут Дмитрий, чем могу помочь?"}, {"Клиент": " До субботы, чтобы привезти его"}, {"Клиент": " Сегодня, завтра"}, {"Клиент": " Все, Дмитрий, буду ждать"}, {"Клиент": " Спасибо"}, {"Клиент": " Спасибо"}, {"Клиент": " До свидания"}, {"Клиент": " До свидания"}]