[
    {
        "start":0.0,
        "end":4.84,
        "text":" Дмитрий, доброе утро",
        "channel":"Клиент"
    },
    {
        "start":4.84,
        "end":6.96,
        "text":" Вчера делал заявку, обещали перезвонить",
        "channel":"Клиент"
    },
    {
        "start":6.96,
        "end":8.5,
        "text":" И что-то, к сожалению, не перезвонили",
        "channel":"Клиент"
    },
    {
        "start":8.5,
        "end":11.08,
        "text":" Нужен мне айфон 15 про",
        "channel":"Клиент"
    },
    {
        "start":11.08,
        "end":12.88,
        "text":" 512 память, черный цвет",
        "channel":"Клиент"
    },
    {
        "start":12.88,
        "end":15.08,
        "text":" Просто сказали, что уточнить",
        "channel":"Клиент"
    },
    {
        "start":15.08,
        "end":17.06,
        "text":" У поставщика и что-то",
        "channel":"Клиент"
    },
    {
        "start":17.06,
        "end":17.58,
        "text":" Второй день",
        "channel":"Клиент"
    },
    {
        "start":17.58,
        "end":19.32,
        "text":" Никак",
        "channel":"Клиент"
    },
    {
        "start":19.32,
        "end":23.8,
        "text":" Да",
        "channel":"Клиент"
    },
    {
        "start":23.8,
        "end":47.16,
        "text":" На 118",
        "channel":"Клиент"
    },
    {
        "start":47.16,
        "end":48.98,
        "text":" Наверное, с другого звонил",
        "channel":"Клиент"
    },
    {
        "start":48.98,
        "end":49.52,
        "text":" Скорее всего",
        "channel":"Клиент"
    },
    {
        "start":49.52,
        "end":53.1,
        "text":" Скорее всего, вот на 118",
        "channel":"Клиент"
    },
    {
        "start":53.1,
        "end":53.78,
        "text":" Заканчивается",
        "channel":"Клиент"
    },
    {
        "start":53.8,
        "end":54.98,
        "text":" Могу продиктовать",
        "channel":"Клиент"
    },
    {
        "start":54.98,
        "end":66.48,
        "text":" То есть, во сколько",
        "channel":"Клиент"
    },
    {
        "start":66.48,
        "end":66.78,
        "text":" Когда",
        "channel":"Клиент"
    },
    {
        "start":66.78,
        "end":69.92,
        "text":" Сергей меня зовут",
        "channel":"Клиент"
    },
    {
        "start":69.92,
        "end":78.54,
        "text":" Все, мне главное",
        "channel":"Клиент"
    },
    {
        "start":78.54,
        "end":79.92,
        "text":" До субботы, чтобы привезти его",
        "channel":"Клиент"
    },
    {
        "start":79.92,
        "end":80.56,
        "text":" Сегодня, завтра",
        "channel":"Клиент"
    },
    {
        "start":80.56,
        "end":83.02,
        "text":" Все, Дмитрий, буду ждать",
        "channel":"Клиент"
    },
    {
        "start":83.02,
        "end":83.54,
        "text":" Спасибо",
        "channel":"Клиент"
    },
    {
        "start":83.54,
        "end":83.78,
        "text":" Спасибо",
        "channel":"Клиент"
    },
    {
        "start":83.8,
        "end":84.46,
        "text":" До свидания",
        "channel":"Клиент"
    },
    {
        "start":84.46,
        "end":85.5,
        "text":" До свидания",
        "channel":"Клиент"
    }
]