[
    {
        "start":0.46,
        "end":3.08,
        "text":" Доброе утро, магазин IceCase, меня зовут Дмитрий, чем могу помочь?",
        "channel":"Менеджер"
    },
    {
        "start":20.72,
        "end":22.74,
        "text":" 15 Pro на 512 черный титан?",
        "channel":"Менеджер"
    },
    {
        "start":30.0,
        "end":59.98,
        "text":" Доброе утро, магазин IceCase, меня зовут Дмитрий, чем могу помочь?",
        "channel":"Менеджер"
    },
    {
        "start":60.0,
        "end":89.98,
        "text":" Доброе утро, магазин IceCase, меня зовут Дмитрий, чем могу помочь?",
        "channel":"Менеджер"
    }
]