[
    {
        "start":0.0,
        "end":2.7,
        "text":" Добрый день, магазин IceCase. Меня зовут Дмитрий. Чем могу помочь?",
        "channel":"Менеджер"
    },
    {
        "start":7.18,
        "end":8.38,
        "text":" А, в каком магазине?",
        "channel":"Менеджер"
    },
    {
        "start":10.92,
        "end":12.14,
        "text":" Мы в Самарской, да?",
        "channel":"Менеджер"
    },
    {
        "start":12.58,
        "end":14.44,
        "text":" А можете номер телефона предоставить?",
        "channel":"Менеджер"
    },
    {
        "start":14.98,
        "end":17.38,
        "text":" Куда можно перезвонить вам? Я ребятам передам просто.",
        "channel":"Менеджер"
    },
    {
        "start":28.66,
        "end":29.42,
        "text":" 766.",
        "channel":"Менеджер"
    },
    {
        "start":30.0,
        "end":34.34,
        "text":" Ожидайте, сейчас ребят перезвонят вам.",
        "channel":"Менеджер"
    },
    {
        "start":36.04,
        "end":36.4,
        "text":" До свидания.",
        "channel":"Менеджер"
    },
    {
        "start":58.66,
        "end":59.66,
        "text":" Спасибо.",
        "channel":"Менеджер"
    }
]