[
    {
        "start":0.0,
        "end":14.24,
        "text":" Да, пятнадцатый Pro Max Titan на 256, сколько сейчас можно его сделать по цене?",
        "channel":"Клиент"
    },
    {
        "start":21.76,
        "end":25.44,
        "text":" Что-что? Да, да, да, да.",
        "channel":"Клиент"
    },
    {
        "start":30.0,
        "end":32.58,
        "text":" Сколько?",
        "channel":"Клиент"
    },
    {
        "start":42.58,
        "end":44.94,
        "text":" В наличии он есть, да?",
        "channel":"Клиент"
    },
    {
        "start":48.2,
        "end":58.32,
        "text":" Сейчас прямо в Чечене, давайте до завтрашнего утра прямо это, пауза, и можете мне набрать завтра до двенадцати где-то, и мы уже договоримся.",
        "channel":"Клиент"
    },
    {
        "start":60.0,
        "end":66.74,
        "text":" Все, и сможем там перебросить сразу, да, со старого, все.",
        "channel":"Клиент"
    },
    {
        "start":70.9,
        "end":76.24,
        "text":" Ага, все, понял, спасибо большое, все, наберу вам тогда, ага.",
        "channel":"Клиент"
    },
    {
        "start":78.2,
        "end":79.2,
        "text":" Спасибо.",
        "channel":"Клиент"
    }
]