[
    {
        "start":0.0,
        "end":7.0,
        "text":" Александр, добрый день. Вас беспокоит магазин Ice Case. Передали ваш номер телефона, просили позвонить, помочь приобрести айфон.",
        "channel":"Менеджер"
    },
    {
        "start":14.0,
        "end":24.0,
        "text":" Так, одну минутку, сейчас посмотрим. Так, 15 Pro Max на 256 натуральный титан, правильно понимаю? Натуральный титан.",
        "channel":"Менеджер"
    },
    {
        "start":24.0,
        "end":42.0,
        "text":" Так, у нас сейчас цена на него 107 900, это без скидки. Так, 107 900, это без скидки за наличный расчет. Для вас 106 ровно сможете забрать за наличный.",
        "channel":"Менеджер"
    },
    {
        "start":45.0,
        "end":48.0,
        "text":" Да, он есть наличный. Скажите, в каком магазине будет удобно забрать для вас?",
        "channel":"Менеджер"
    },
    {
        "start":54.0,
        "end":63.0,
        "text":" Хорошо, хорошо, наберу вам завтра до 12.",
        "channel":"Менеджер"
    },
    {
        "start":67.0,
        "end":70.0,
        "text":" Да, конечно, конечно, это вам ребята уже на месте сделают.",
        "channel":"Менеджер"
    },
    {
        "start":77.0,
        "end":78.0,
        "text":" До свидания.",
        "channel":"Менеджер"
    }
]