[
    {
        "start":0.0,
        "end":5.22,
        "text":" Да, Игнат, добрый день.",
        "channel":"Клиент"
    },
    {
        "start":5.38,
        "end":11.0,
        "text":" Скажите, пожалуйста, я сейчас на сайте оформила заказ с самовывозом,",
        "channel":"Клиент"
    },
    {
        "start":11.2,
        "end":14.86,
        "text":" но я немножко не поняла, откуда забирать, там не написан адрес.",
        "channel":"Клиент"
    },
    {
        "start":30.0,
        "end":35.54,
        "text":" Вот, 22-й порт съезда, я просто не могла его там выбрать.",
        "channel":"Клиент"
    },
    {
        "start":45.54,
        "end":48.0,
        "text":" Все, отлично. Сегодня, да, можно сходить забрать?",
        "channel":"Клиент"
    },
    {
        "start":50.46,
        "end":54.8,
        "text":" Ага, ну все, а подождите, а вот я туда прихожу, и что я говорю,",
        "channel":"Клиент"
    },
    {
        "start":54.88,
        "end":57.08,
        "text":" что меня зовут Аделина, и у меня там заказ оформлен?",
        "channel":"Клиент"
    },
    {
        "start":60.0,
        "end":62.6,
        "text":" Да, вот тогда.",
        "channel":"Клиент"
    },
    {
        "start":72.98,
        "end":74.64,
        "text":" Все, спасибо вам большое.",
        "channel":"Клиент"
    },
    {
        "start":76.32,
        "end":77.74,
        "text":" Все, спасибо, до свидания.",
        "channel":"Клиент"
    }
]