[
    {
        "start":0.32,
        "end":2.86,
        "text":" Добрый день, магазин IFCF, меня зовут Игнат, могу помочь?",
        "channel":"Менеджер"
    },
    {
        "start":14.16,
        "end":16.88,
        "text":" Ой, так, сейчас, секунду, подскажу вам.",
        "channel":"Менеджер"
    },
    {
        "start":19.74,
        "end":25.72,
        "text":" Так, у вас заказ, вы выбрали магазин на Мичурин 120, но ее в наличии там нет.",
        "channel":"Менеджер"
    },
    {
        "start":25.72,
        "end":32.08,
        "text":" Она в наличии сейчас, колонка, на Победе 97, на 22-м портеезе 194 и на Клинической 25.",
        "channel":"Менеджер"
    },
    {
        "start":36.08,
        "end":42.24,
        "text":" А, странно. Ну, хорошо, я сейчас заказ отменяю и провожу на 22-м портеезе.",
        "channel":"Менеджер"
    },
    {
        "start":42.44,
        "end":45.08,
        "text":" Все, она там будет за вами забронирована, можно приходить забирать.",
        "channel":"Менеджер"
    },
    {
        "start":47.76,
        "end":52.02,
        "text":" Да, да, да, хоть сейчас. Работаем до 8 вечера, если что.",
        "channel":"Менеджер"
    },
    {
        "start":55.72,
        "end":61.06,
        "text":" Да, да, ну, у вас WhatsApp, а номер телефона привязан?",
        "channel":"Менеджер"
    },
    {
        "start":63.76,
        "end":66.96,
        "text":" Все, вам сейчас в WhatsApp поступит сообщение с номером вашего заказа.",
        "channel":"Менеджер"
    },
    {
        "start":67.22,
        "end":72.2,
        "text":" А так, если что, можете подойти в магазин, просто либо ваш номер назовете, скажете, оформили ли интернет-заказ.",
        "channel":"Менеджер"
    },
    {
        "start":73.42,
        "end":75.44,
        "text":" Ваш номер телефона, на который звоните.",
        "channel":"Менеджер"
    },
    {
        "start":75.7,
        "end":77.12,
        "text":" Да, и все, выдадим.",
        "channel":"Менеджер"
    },
    {
        "start":79.02,
        "end":80.52,
        "text":" Так, хорошо, ждем вас, до свидания.",
        "channel":"Менеджер"
    },
    {
        "start":82.08,
        "end":83.08,
        "text":" Спасибо.",
        "channel":"Менеджер"
    }
]