[
    {
        "start":0.0,
        "end":4.52,
        "text":" Да. Здравствуйте.",
        "channel":"Клиент"
    },
    {
        "start":8.52,
        "end":12.04,
        "text":" Да.",
        "channel":"Клиент"
    },
    {
        "start":16.04,
        "end":22.24,
        "text":" Ага.",
        "channel":"Клиент"
    },
    {
        "start":22.24,
        "end":28.92,
        "text":" Да, я в курсе.",
        "channel":"Клиент"
    },
    {
        "start":30.0,
        "end":34.4,
        "text":" Давайте переводом, я всплотил.",
        "channel":"Клиент"
    },
    {
        "start":34.4,
        "end":44.06,
        "text":" Хорошо, спасибо.",
        "channel":"Клиент"
    }
]