[
    {
        "start":0.0,
        "end":3.94,
        "text":" Илья, добрый день, вас беспокоит магазин IceCase.",
        "channel":"Менеджер"
    },
    {
        "start":4.08,
        "end":10.76,
        "text":" Звоню по поводу вашего заказа на кабель-барафон и чехол для iPhone 11 с доставкой с деком в Челябинск.",
        "channel":"Менеджер"
    },
    {
        "start":11.4,
        "end":18.0,
        "text":" Да, смотрите, кабель сейчас вот есть в наличии в магазине, с которого осуществляется доставка.",
        "channel":"Менеджер"
    },
    {
        "start":18.0,
        "end":20.54,
        "text":" Вот, чехол сейчас перемещаем из другого магазина.",
        "channel":"Менеджер"
    },
    {
        "start":21.36,
        "end":24.06,
        "text":" Как только все будет готово к отправке, мы отправляем.",
        "channel":"Менеджер"
    },
    {
        "start":24.5,
        "end":27.1,
        "text":" Единственное, что отправка у нас при 100% предоплате.",
        "channel":"Менеджер"
    },
    {
        "start":27.36,
        "end":28.62,
        "text":" То есть вы можете оплатить на сайте.",
        "channel":"Менеджер"
    },
    {
        "start":28.62,
        "end":30.96,
        "text":" Да, можете оплатить переводом на карту.",
        "channel":"Менеджер"
    },
    {
        "start":31.02,
        "end":31.82,
        "text":" Как вам будет удобно?",
        "channel":"Менеджер"
    },
    {
        "start":34.24,
        "end":34.76,
        "text":" Переводом.",
        "channel":"Менеджер"
    },
    {
        "start":35.06,
        "end":39.88,
        "text":" Все, хорошо, тогда сейчас пришлем реквизиты карты, сделайте перевод и, в принципе, все.",
        "channel":"Менеджер"
    },
    {
        "start":39.98,
        "end":42.06,
        "text":" Ожидайте, отправим, пришлем трек-номер.",
        "channel":"Менеджер"
    },
    {
        "start":44.32,
        "end":45.2,
        "text":" До свидания.",
        "channel":"Менеджер"
    }
]