[
    {
        "start":0.0,
        "end":23.28,
        "text":" Алло. Здравствуйте. На 22-го партсъезда. От меня какая-то предоплата нужна, просто дело в том, что я планирую забрать его завтра, но мне нужно быть уверенной, что он для меня будет забранен.",
        "channel":"Клиент"
    },
    {
        "start":23.28,
        "end":30.22,
        "text":" Угу. Все хорошо. Спасибо большое.",
        "channel":"Клиент"
    }
]