[
    {
        "start":0.88,
        "end":3.84,
        "text":" Добрый день, вас беспокоит магазин Ice Case. Меня зовут Александр.",
        "channel":"Менеджер"
    },
    {
        "start":4.02,
        "end":6.46,
        "text":" Звоню по поводу вашего заказа на увлажнитель с ксиоми.",
        "channel":"Менеджер"
    },
    {
        "start":6.88,
        "end":9.54,
        "text":" Хотели уточнить, в каком магазине вам будет удобно забрать заказ?",
        "channel":"Менеджер"
    },
    {
        "start":12.0,
        "end":14.2,
        "text":" На 22-го. Все, хорошо.",
        "channel":"Менеджер"
    },
    {
        "start":16.52,
        "end":17.1,
        "text":" Так, да так.",
        "channel":"Менеджер"
    },
    {
        "start":22.28,
        "end":25.68,
        "text":" А, нет, нет, нет. Никакой продоплаты не надо.",
        "channel":"Менеджер"
    },
    {
        "start":26.18,
        "end":27.12,
        "text":" Завтра сможете забрать.",
        "channel":"Менеджер"
    },
    {
        "start":30.0,
        "end":30.42,
        "text":" До свидания.",
        "channel":"Менеджер"
    }
]