[
    {
        "start":0.0,
        "end":8.42,
        "text":" Алло, здравствуйте, а сколько у вас стоит перенести данные со старого айфона на новый?",
        "channel":"Клиент"
    },
    {
        "start":8.42,
        "end":10.32,
        "text":" Новый куплен не у вас, был в другом месте.",
        "channel":"Клиент"
    },
    {
        "start":16.36,
        "end":20.58,
        "text":" Ну, хорошо, примерно, Катя Вилковна, есть у нас объем памяти?",
        "channel":"Клиент"
    },
    {
        "start":20.68,
        "end":24.7,
        "text":" Да я не имею даже представления. Через быстрое начало нам надо сделать.",
        "channel":"Клиент"
    },
    {
        "start":24.7,
        "end":30.24,
        "text":" Через быстрое начало, чтобы просто взять и все данные сделать со старого айфона на новый.",
        "channel":"Клиент"
    },
    {
        "start":39.98,
        "end":43.32,
        "text":" Ну, на 64 гигабайта телефон был старый.",
        "channel":"Клиент"
    },
    {
        "start":46.46,
        "end":48.58,
        "text":" Ага, а это долго времени занято?",
        "channel":"Клиент"
    },
    {
        "start":53.06,
        "end":53.78,
        "text":" Ага.",
        "channel":"Клиент"
    },
    {
        "start":54.7,
        "end":59.22,
        "text":" Все понятно, хорошо, ладно. Спасибо.",
        "channel":"Клиент"
    }
]