[
    {
        "start":1.0,
        "end":3.48,
        "text":" Добрый день, магазин АСС, меня зовут Игнат, могу помочь?",
        "channel":"Менеджер"
    },
    {
        "start":11.06,
        "end":13.78,
        "text":" Понял вас. Все зависит от объема занятой памяти.",
        "channel":"Менеджер"
    },
    {
        "start":16.76,
        "end":17.86,
        "text":" Какой объем памяти?",
        "channel":"Менеджер"
    },
    {
        "start":17.86,
        "end":40.26,
        "text":" Я понял вас. Если до 100 гигабайт, то будет стоить 1000 рублей, до 256 – 1500 рублей, до 512 – 2000 рублей и до 1 терабайта – 3000 рублей.",
        "channel":"Менеджер"
    },
    {
        "start":40.26,
        "end":41.92,
        "text":" Полностью перенос данных.",
        "channel":"Менеджер"
    },
    {
        "start":43.44,
        "end":46.54,
        "text":" А, ну значит до 100 получается, 1000 рублей будет стоить.",
        "channel":"Менеджер"
    },
    {
        "start":47.86,
        "end":52.28,
        "text":" Ориентируйтесь, что где-то 40 гигабайт в час переносится.",
        "channel":"Менеджер"
    },
    {
        "start":58.6,
        "end":60.24,
        "text":" Ну, приходите, сделаем.",
        "channel":"Менеджер"
    }
]