[
  {
    "Клиент": "Алло.Да,"
  },
  {
    "Менеджер": "александрдобрыйденьэтоваснаэскизбеспокоитдапоповоду"
  },
  {
    "Клиент": "да,да."
  },
  {
    "Менеджер": "15"
  },
  {
    "Клиент": "Да,"
  },
  {
    "Менеджер": "умаксана256натуральныйстандо"
  },
  {
    "Клиент": "якакразэто.Япросто,Пашкин,явашномерпотерял,хотелперезвонитьвтренировке,вышелизабыл.Можнона22-йпортсъездаего,чтобытамонбыл?Ага,"
  },
  {
    "Менеджер": "22портфельединственночтоценабудет107тысячрублейприоплатеналичнымипростоиз-затогочтовчерапроизошликакскажемнекоторыесобытиянамостбиржепоэтомускурсомнепонятночтобылоиценынемножкоподнялисьвот"
  },
  {
    "Клиент": "ага.Ага."
  },
  {
    "Менеджер": "да"
  },
  {
    "Клиент": "НатуралТитан,ProMax256,да?Да,"
  },
  {
    "Менеджер": "дасовершенновернона22портфель114все"
  },
  {
    "Клиент": "да.А"
  },
  {
    "Менеджер": "хорошоподъездоназависвашномертелефонаикаквасзовутда"
  },
  {
    "Клиент": "онвналичии.Этоещемоментуточняю.Тамжеобычнаясим-картаитакая,да?Обычный,"
  },
  {
    "Менеджер": "там"
  },
  {
    "Клиент": "ну,"
  },
  {
    "Менеджер": "там"
  },
  {
    "Клиент": "как...Да,"
  },
  {
    "Менеджер": "сим-картаобычноиестьимсовершенноверно"
  },
  {
    "Клиент": "какобычныйтелефон.Так,"
  },
  {
    "Менеджер": "да"
  },
  {
    "Клиент": "НатуральныйТитан,15-й,"
  },
  {
    "Менеджер": "совершенно"
  },
  {
    "Клиент": "ProMax256.Все,"
  },
  {
    "Менеджер": "верно107тысячрублейровно"
  },
  {
    "Клиент": "хорошо."
  },
  {
    "Менеджер": "до"
  },
  {
    "Клиент": "Ага,107.Ага,все,договорились.Спасибо."
  },
  {
    "Менеджер": "хорошегоднядосвидания"
  }
]