[{"Менеджер": " Добрый день, магазин Айскей."}, {"Менеджер": " Меня зовут Игнат, могу помочь?"}, {"Клиент": " Ренат, до 100 тысяч айфон какой самый приличный?"}, {"Клиент": " А iPhone Pro Max не бывает до 100, да?"}, {"Менеджер": " К сожалению, нет."}, {"Менеджер": " Pro Max нет, Pro обычно есть."}, {"Клиент": " Почем он?"}, {"Менеджер": " Так, iPhone 15 Pro, сейчас актуальная цена 91 900."}, {"Менеджер": " Но если до 100, то просто Pro Max стоит 107 900."}, {"Клиент": " Да это я в курсе, что он совсем не..."}, {"Клиент": " А если мы 3 возьмем, это не спасет до 100?"}, {"Менеджер": " О, е..."}, {"Клиент": " Нам надо как мало оценкой сделать."}, {"Менеджер": " Я понял."}, {"Менеджер": " Но вот, наверное, до 100, к сожалению, нет, не получится вообще опустить."}, {"Клиент": " Ну я понял."}, {"Менеджер": " Можно будет сделать со 106."}, {"Клиент": " Да, нам все, что больше уже не подходит."}, {"Менеджер": " А, можно."}, {"Клиент": " Хорошо, iPhone Pro..."}, {"Клиент": " Алло."}, {"Менеджер": " Да-да-да."}, {"Клиент": " iPhone Pro..."}, {"Клиент": " 91, это на сколько он, в памяти у него?"}, {"Менеджер": " На 100, на 100, на 128."}, {"Клиент": " А на 256?"}, {"Менеджер": " 102 900."}, {"Клиент": " Бляха, муха."}, {"Клиент": " 102, 99, ну а тут вы можете до 100 сделать?"}, {"Клиент": " 99, 999."}, {"Менеджер": " Мне нужно будет с отделом закупки поговорить."}, {"Менеджер": " А подскажите, пожалуйста, какой цвет вас интересует?"}, {"Клиент": " Только не белый."}, {"Клиент": " Черный, 3 штуки на у нас."}, {"Клиент": " Черный, синий и серый."}, {"Менеджер": " Серый."}, {"Менеджер": " Так, понял вас."}, {"Клиент": " И по наличию, чтобы были."}, {"Менеджер": " Хорошо, сейчас задавайте."}, {"Менеджер": " Я..."}, {"Клиент": " Вы через сколько перезвоните?"}, {"Менеджер": " Но..."}, {"Менеджер": " 5 минут."}, {"Клиент": " 5 минут? Хорошо."}, {"Менеджер": " Да?"}, {"Клиент": " Да, давайте."}, {"Менеджер": " Все, хорошо, ждать звонка сейчас наберу."}, {"Клиент": " Угу."}, {"Клиент": " Спасибо."}]