[
    {
        "start":0.0,
        "end":8.06,
        "text":" Ренат, до 100 тысяч айфон какой самый приличный?",
        "channel":"Клиент"
    },
    {
        "start":8.06,
        "end":9.88,
        "text":" А iPhone Pro Max не бывает до 100, да?",
        "channel":"Клиент"
    },
    {
        "start":15.32,
        "end":15.94,
        "text":" Почем он?",
        "channel":"Клиент"
    },
    {
        "start":26.64,
        "end":28.38,
        "text":" Да это я в курсе, что он совсем не...",
        "channel":"Клиент"
    },
    {
        "start":28.38,
        "end":31.44,
        "text":" А если мы 3 возьмем, это не спасет до 100?",
        "channel":"Клиент"
    },
    {
        "start":32.5,
        "end":35.06,
        "text":" Нам надо как мало оценкой сделать.",
        "channel":"Клиент"
    },
    {
        "start":41.84,
        "end":42.96,
        "text":" Ну я понял.",
        "channel":"Клиент"
    },
    {
        "start":45.18,
        "end":48.34,
        "text":" Да, нам все, что больше уже не подходит.",
        "channel":"Клиент"
    },
    {
        "start":49.72,
        "end":51.02,
        "text":" Хорошо, iPhone Pro...",
        "channel":"Клиент"
    },
    {
        "start":53.02,
        "end":54.94,
        "text":" Алло.",
        "channel":"Клиент"
    },
    {
        "start":56.02,
        "end":58.02,
        "text":" iPhone Pro...",
        "channel":"Клиент"
    },
    {
        "start":58.02,
        "end":60.54,
        "text":" 91, это на сколько он, в памяти у него?",
        "channel":"Клиент"
    },
    {
        "start":63.54,
        "end":64.4,
        "text":" А на 256?",
        "channel":"Клиент"
    },
    {
        "start":67.9,
        "end":68.82,
        "text":" Бляха, муха.",
        "channel":"Клиент"
    },
    {
        "start":70.26,
        "end":73.02,
        "text":" 102, 99, ну а тут вы можете до 100 сделать?",
        "channel":"Клиент"
    },
    {
        "start":73.76,
        "end":74.9,
        "text":" 99, 999.",
        "channel":"Клиент"
    },
    {
        "start":82.36,
        "end":83.56,
        "text":" Только не белый.",
        "channel":"Клиент"
    },
    {
        "start":83.56,
        "end":85.02,
        "text":" Черный, 3 штуки на у нас.",
        "channel":"Клиент"
    },
    {
        "start":85.1,
        "end":87.52,
        "text":" Черный, синий и серый.",
        "channel":"Клиент"
    },
    {
        "start":88.02,
        "end":91.82,
        "text":" И по наличию, чтобы были.",
        "channel":"Клиент"
    },
    {
        "start":91.96,
        "end":93.16,
        "text":" Вы через сколько перезвоните?",
        "channel":"Клиент"
    },
    {
        "start":96.2,
        "end":97.5,
        "text":" 5 минут? Хорошо.",
        "channel":"Клиент"
    },
    {
        "start":97.9,
        "end":98.56,
        "text":" Да, давайте.",
        "channel":"Клиент"
    },
    {
        "start":101.48,
        "end":101.88,
        "text":" Угу.",
        "channel":"Клиент"
    },
    {
        "start":101.88,
        "end":102.88,
        "text":" Спасибо.",
        "channel":"Клиент"
    }
]