[
    {
        "start":0.94,
        "end":2.2,
        "text":" Добрый день, магазин Айскей.",
        "channel":"Менеджер"
    },
    {
        "start":2.28,
        "end":3.5,
        "text":" Меня зовут Игнат, могу помочь?",
        "channel":"Менеджер"
    },
    {
        "start":10.62,
        "end":11.98,
        "text":" К сожалению, нет.",
        "channel":"Менеджер"
    },
    {
        "start":12.04,
        "end":13.96,
        "text":" Pro Max нет, Pro обычно есть.",
        "channel":"Менеджер"
    },
    {
        "start":17.0,
        "end":20.32,
        "text":" Так, iPhone 15 Pro, сейчас актуальная цена 91 900.",
        "channel":"Менеджер"
    },
    {
        "start":20.9,
        "end":26.0,
        "text":" Но если до 100, то просто Pro Max стоит 107 900.",
        "channel":"Менеджер"
    },
    {
        "start":30.0,
        "end":33.94,
        "text":" О, е...",
        "channel":"Менеджер"
    },
    {
        "start":33.94,
        "end":37.04,
        "text":" Я понял.",
        "channel":"Менеджер"
    },
    {
        "start":37.78,
        "end":41.68,
        "text":" Но вот, наверное, до 100, к сожалению, нет, не получится вообще опустить.",
        "channel":"Менеджер"
    },
    {
        "start":42.5,
        "end":47.54,
        "text":" Можно будет сделать со 106.",
        "channel":"Менеджер"
    },
    {
        "start":48.74,
        "end":49.64,
        "text":" А, можно.",
        "channel":"Менеджер"
    },
    {
        "start":55.18,
        "end":56.1,
        "text":" Да-да-да.",
        "channel":"Менеджер"
    },
    {
        "start":60.0,
        "end":61.94,
        "text":" На 100, на 100, на 128.",
        "channel":"Менеджер"
    },
    {
        "start":65.14,
        "end":66.28,
        "text":" 102 900.",
        "channel":"Менеджер"
    },
    {
        "start":77.1,
        "end":79.36,
        "text":" Мне нужно будет с отделом закупки поговорить.",
        "channel":"Менеджер"
    },
    {
        "start":79.42,
        "end":81.58,
        "text":" А подскажите, пожалуйста, какой цвет вас интересует?",
        "channel":"Менеджер"
    },
    {
        "start":87.78,
        "end":88.22,
        "text":" Серый.",
        "channel":"Менеджер"
    },
    {
        "start":88.78,
        "end":89.76,
        "text":" Так, понял вас.",
        "channel":"Менеджер"
    },
    {
        "start":90.0,
        "end":91.18,
        "text":" Хорошо, сейчас задавайте.",
        "channel":"Менеджер"
    },
    {
        "start":92.18,
        "end":92.62,
        "text":" Я...",
        "channel":"Менеджер"
    },
    {
        "start":92.62,
        "end":94.34,
        "text":" Но...",
        "channel":"Менеджер"
    },
    {
        "start":94.34,
        "end":94.82,
        "text":" 5 минут.",
        "channel":"Менеджер"
    },
    {
        "start":97.42,
        "end":97.9,
        "text":" Да?",
        "channel":"Менеджер"
    },
    {
        "start":99.38,
        "end":101.34,
        "text":" Все, хорошо, ждать звонка сейчас наберу.",
        "channel":"Менеджер"
    }
]