[
  {
    "Менеджер": "Добрыйдень,магазинIceCase.МенязовутДмитрий.Чеммогупомочь?"
  },
  {
    "Клиент": "Дмитрий,добрыйдень.Пожалуйста,вкакоммагазинеестьсамавилканазарядкумакбука?Уронил"
  },
  {
    "Менеджер": "Переходник?"
  },
  {
    "Клиент": "иотломал."
  },
  {
    "Менеджер": "Ну"
  },
  {
    "Клиент": "Нунепереходник,онажетакаясъемнаятами...Да,"
  },
  {
    "Менеджер": "да,вотэтотпереходничок,которыйидётсамериканскойнарусскую.Да,"
  },
  {
    "Клиент": "уменяпростоонотломался,поэтомунужнановая"
  },
  {
    "Менеджер": "унас"
  },
  {
    "Клиент": "вилка."
  },
  {
    "Менеджер": "вналичииво"
  },
  {
    "Клиент": "У"
  },
  {
    "Менеджер": "всехмагазинах.250рублейстоит."
  },
  {
    "Клиент": "васнеттакойопции,чтовамкак-тооплатитьизаказатьвЯндексзаставку,чтобынеездитьквам?Да,"
  },
  {
    "Менеджер": "Сейчаспосмотрю,минутку.Так,давайтеещёраз.Мыправильнопоняли?Переходникдляблокапитаниядлямакбука.Всёверно?Таккакэтовставляетсявблокпитанияиврозеткупотом."
  },
  {
    "Клиент": "да,да.ЛибонаКарлоМаркса,либонаклиническойиликакойтамувас."
  },
  {
    "Менеджер": "Так,каквасзовут?Так,"
  },
  {
    "Клиент": "МеняНикитазовут.Так,"
  },
  {
    "Менеджер": "давайтеясейчассделаюзаказнаКарлаМаркса,вамвWhatsAppскинуреквизитыдляоплаты,номеркарты.Ипотом,каквыоплатите,пришлитескринквитанции,иявампотомпришлюинформациюдлявашегокурьера.Ну,"
  },
  {
    "Клиент": "адавайтеещераз.Этобудетпростоивамериканскийразъемвставлятьсявотэтотпереходник,потомужеврозетку,правильнопонимаю?Он"
  },
  {
    "Менеджер": "нет,тамидёт,янемножконеправильносказал,тоестьтамвотэтотвотмаленькийштекервытаскивается.Тамдвухпиновая.Соднойстороныдвухпин,асдругойстороныидётврозетку.Ионвставляетсявблокпитания.Давайте"
  },
  {
    "Клиент": "такойполучится...Ауваснасайте"
  },
  {
    "Менеджер": "я"
  },
  {
    "Клиент": "какон"
  },
  {
    "Менеджер": "вам"
  },
  {
    "Клиент": "правильноназывается?"
  },
  {
    "Менеджер": "сейчас"
  },
  {
    "Клиент": "О,"
  },
  {
    "Менеджер": "вWhatsAppскину,передтем,какоплата"
  },
  {
    "Клиент": "супер!"
  },
  {
    "Менеджер": "будет,"
  },
  {
    "Клиент": "Вообще"
  },
  {
    "Менеджер": "фотку,"
  },
  {
    "Клиент": "будет,"
  },
  {
    "Менеджер": "итам"
  },
  {
    "Клиент": "конечно."
  },
  {
    "Менеджер": "ужеопределимся."
  },
  {
    "Клиент": "Окей,авторойвопрос.Вотстеклонаайфоне...Незнаю,накакой-тостароймодели,по-моему,менякакдолгоэтовообщепроцессзанимает,можетеподсказать?"
  },
  {
    "Менеджер": "Стеклодисплейилизащитныйстекло?А"
  },
  {
    "Клиент": "Не,настеклодисплееизаднююстенкутоже,что-тоясегоднявсе"
  },
  {
    "Менеджер": "какой"
  },
  {
    "Клиент": "уронил."
  },
  {
    "Менеджер": "iPhone?Ну,"
  },
  {
    "Клиент": "Какэтоузнать?Незнаю."
  },
  {
    "Менеджер": "смотрите,всреднемзанимаетзаменастеклодисплея,еслиматрицаисправна,тоориентировочно3-4часа."
  },
  {
    "Клиент": "Три-четыречаса.Окей.Так,три-четыречаса.Окей,этовлюбомместеможноиливкаком-тоодномсдавать,нужнопоехать."
  },
  {
    "Менеджер": "Практически"
  },
  {
    "Клиент": "А"
  },
  {
    "Менеджер": "вовсехмагазинах,кромеМичурина,Георгия,ГеоргияДимитрова,Победы,остальныхможно."
  },
  {
    "Клиент": "Мичурина,этокоторыйнаКлиническойиликоторыйпрямонаМичуриновом?"
  },
  {
    "Менеджер": "Эта,котораянаМичуринапрямо,120."
  },
  {
    "Клиент": "КоторыйоколоМакдональдса,тамточноможно,да."
  },
  {
    "Менеджер": "Тамтожеможно,наКлинической,наСамарской,наКарлаМаркса,вэтихадресахможносдать."
  },
  {
    "Клиент": "Супер,спасибо,тогдабудуждатьWhatsApp"
  },
  {
    "Менеджер": "Да,"
  },
  {
    "Клиент": "запросов,"
  },
  {
    "Менеджер": "сейчас"
  },
  {
    "Клиент": "тогдазаплачу.Все"
  },
  {
    "Менеджер": "пришлю."
  },
  {
    "Клиент": "супер,спасибо,ага"
  }
]