[{"Менеджер": " Алло, добрый день, это вас, Настя, беспокоит."}, {"Менеджер": " Так, звоню по поводу вашего заказа часы."}, {"Менеджер": " Да, да, да."}, {"Клиент": " Алло. Найс кейс, да? Так, ну просто муж с вами общался, вот, поэтому я не совсем там до конца в курсе."}, {"Менеджер": " Да, я вам прислал в WhatsApp реквизиты карты."}, {"Менеджер": " Посмотрите, пожалуйста, чтобы оплатить."}, {"Клиент": " Вадим, а поговори по часам с молодым человеком."}, {"Клиент": " На какой WhatsApp вы?"}, {"Клиент": " Алло."}, {"Менеджер": " Алло, добрый день."}, {"Менеджер": " Отправил вам на WhatsApp номер карты, чтобы вы могли сделать перевод."}, {"Клиент": " А вы можете на почту отправить вот обратным письмом по заказу?"}, {"Менеджер": " 4274, вот номер телефона, на который я звоню."}, {"Менеджер": " Так, одну минутку, сейчас посмотрим."}, {"Менеджер": " Так, одну минутку."}, {"Менеджер": " Да, хорошо, мы сейчас вам пришлем по этой же почте."}, {"Менеджер": " Реквизиты, ожидайте."}, {"Клиент": " Все, хорошо, спасибо."}, {"Клиент": " Я не переживаю."}]