[
    {
        "start":0.0,
        "end":21.68,
        "text":" Алло. Найс кейс, да? Так, ну просто муж с вами общался, вот, поэтому я не совсем там до конца в курсе.",
        "channel":"Клиент"
    },
    {
        "start":21.68,
        "end":24.68,
        "text":" Вадим, а поговори по часам с молодым человеком.",
        "channel":"Клиент"
    },
    {
        "start":25.78,
        "end":26.76,
        "text":" На какой WhatsApp вы?",
        "channel":"Клиент"
    },
    {
        "start":27.78,
        "end":28.38,
        "text":" Алло.",
        "channel":"Клиент"
    },
    {
        "start":30.0,
        "end":43.62,
        "text":" А вы можете на почту отправить вот обратным письмом по заказу?",
        "channel":"Клиент"
    },
    {
        "start":60.0,
        "end":63.5,
        "text":" Все, хорошо, спасибо.",
        "channel":"Клиент"
    },
    {
        "start":63.66,
        "end":64.44,
        "text":" Я не переживаю.",
        "channel":"Клиент"
    }
]