[
    {
        "start":0.0,
        "end":4.78,
        "text":" Алло, добрый день, это вас, Настя, беспокоит.",
        "channel":"Менеджер"
    },
    {
        "start":4.9,
        "end":9.58,
        "text":" Так, звоню по поводу вашего заказа часы.",
        "channel":"Менеджер"
    },
    {
        "start":10.36,
        "end":10.84,
        "text":" Да, да, да.",
        "channel":"Менеджер"
    },
    {
        "start":11.22,
        "end":13.9,
        "text":" Да, я вам прислал в WhatsApp реквизиты карты.",
        "channel":"Менеджер"
    },
    {
        "start":14.26,
        "end":15.74,
        "text":" Посмотрите, пожалуйста, чтобы оплатить.",
        "channel":"Менеджер"
    },
    {
        "start":28.7,
        "end":29.68,
        "text":" Алло, добрый день.",
        "channel":"Менеджер"
    },
    {
        "start":30.0,
        "end":34.68,
        "text":" Отправил вам на WhatsApp номер карты, чтобы вы могли сделать перевод.",
        "channel":"Менеджер"
    },
    {
        "start":36.12,
        "end":38.5,
        "text":" 4274, вот номер телефона, на который я звоню.",
        "channel":"Менеджер"
    },
    {
        "start":44.4,
        "end":46.98,
        "text":" Так, одну минутку, сейчас посмотрим.",
        "channel":"Менеджер"
    },
    {
        "start":52.44,
        "end":53.82,
        "text":" Так, одну минутку.",
        "channel":"Менеджер"
    },
    {
        "start":55.3,
        "end":58.82,
        "text":" Да, хорошо, мы сейчас вам пришлем по этой же почте.",
        "channel":"Менеджер"
    },
    {
        "start":60.0,
        "end":62.12,
        "text":" Реквизиты, ожидайте.",
        "channel":"Менеджер"
    }
]