[
    {
        "start":0.0,
        "end":12.66,
        "text":" вот этаж пас лет пиво какая история алло здрасьте ребята я вот во вторник телефон",
        "channel":"Клиент"
    },
    {
        "start":12.66,
        "end":21.66,
        "text":" завозила диагностику 14 макс утопленник на мичурина которые мичурина ну да да да",
        "channel":"Клиент"
    },
    {
        "start":21.66,
        "end":26.28,
        "text":" хорошо спасибо большое",
        "channel":"Клиент"
    }
]