[
    {
        "start":0.0,
        "end":2.88,
        "text":" Добрый день, магазин Аистейт. Меня зовут Дмитрий. Чем могу помочь?",
        "channel":"Менеджер"
    },
    {
        "start":7.84,
        "end":10.88,
        "text":" Алло. Да, здравствуйте.",
        "channel":"Менеджер"
    },
    {
        "start":15.22,
        "end":17.76,
        "text":" В какой магазин завозили? Адрес?",
        "channel":"Менеджер"
    },
    {
        "start":19.14,
        "end":20.1,
        "text":" Мичурин 120?",
        "channel":"Менеджер"
    },
    {
        "start":21.76,
        "end":24.8,
        "text":" Давайте я перезвоню вашему телефону, Мичурину, и ребята вам перезвонят.",
        "channel":"Менеджер"
    },
    {
        "start":26.62,
        "end":27.32,
        "text":" Ожидайте. До свидания.",
        "channel":"Менеджер"
    }
]