[
    {
        "start":0.0,
        "end":12.6,
        "text":" алла да да да да я как раз это я просто пашки я ваш номер потерял хотел",
        "channel":"Клиент"
    },
    {
        "start":12.6,
        "end":18.86,
        "text":" перезвонить тренировки вышел и забыл можно на 22 партия за его чтоб там он",
        "channel":"Клиент"
    },
    {
        "start":18.86,
        "end":21.1,
        "text":" был",
        "channel":"Клиент"
    },
    {
        "start":30.0,
        "end":52.62,
        "text":" ага-ага натурал титан про макс 256 да да да а он в наличии это в это еще в",
        "channel":"Клиент"
    },
    {
        "start":52.62,
        "end":59.98,
        "text":" момент уточняю там же обычная сим-карта и такая обычный ну да как",
        "channel":"Клиент"
    },
    {
        "start":59.98,
        "end":68.62,
        "text":" обычный телефон так натуральный титан 15 про макс 256 все хорошо ага 107",
        "channel":"Клиент"
    },
    {
        "start":68.62,
        "end":72.54,
        "text":" все договорились спасибо",
        "channel":"Клиент"
    }
]