[
    {
        "start":0.0,
        "end":3.38,
        "text":" Александр, добрый день. Это вас на эскейс беспокоит.",
        "channel":"Менеджер"
    },
    {
        "start":4.34,
        "end":8.04,
        "text":" Да, по поводу 15 топа у Макса на 256 натуральный стан.",
        "channel":"Менеджер"
    },
    {
        "start":18.64,
        "end":24.52,
        "text":" Да, 22-й парсес. Единственное, что цена будет 107 тысяч рублей при оплате наличными.",
        "channel":"Менеджер"
    },
    {
        "start":24.52,
        "end":30.56,
        "text":" Просто у нас из-за того, что вчера произошли, как скажем, некоторые события на Мосбирже,",
        "channel":"Менеджер"
    },
    {
        "start":30.62,
        "end":34.02,
        "text":" поэтому с курсом непонятно, что было, и цены немножко поднялись.",
        "channel":"Менеджер"
    },
    {
        "start":37.1,
        "end":37.92,
        "text":" А так?",
        "channel":"Менеджер"
    },
    {
        "start":40.34,
        "end":43.38,
        "text":" Да, да, совершенно верно. На 22-м парсесе 114.",
        "channel":"Менеджер"
    },
    {
        "start":46.78,
        "end":50.02,
        "text":" Все, хорошо, подъедете, назовите ваш номер телефона и как вас зовут.",
        "channel":"Менеджер"
    },
    {
        "start":54.52,
        "end":59.24,
        "text":" Да, там сим-карта обычная и ЕСИМ. Совершенно верно.",
        "channel":"Менеджер"
    },
    {
        "start":60.92,
        "end":66.36,
        "text":" Да, совершенно верно. 107 тысяч рублей ровно.",
        "channel":"Менеджер"
    },
    {
        "start":69.58,
        "end":71.42,
        "text":" Да, хорошего дня, до свидания.",
        "channel":"Менеджер"
    },
    {
        "start":82.94,
        "end":83.94,
        "text":" Спасибо.",
        "channel":"Менеджер"
    }
]