[
    {
        "start":0.0,
        "end":22.4,
        "text":" а ну понял а так он всегда должен быть там когда вот то есть он как заварка",
        "channel":"Клиент"
    },
    {
        "start":22.4,
        "end":27.12,
        "text":" обычного такого нету что будет без этой штуки был обычную воду кипятить как",
        "channel":"Клиент"
    },
    {
        "start":27.12,
        "end":35.22,
        "text":" чайник обычно нет нет мне прозрачно на то что на сайте смотрю они все духи как",
        "channel":"Клиент"
    },
    {
        "start":35.22,
        "end":42.36,
        "text":" говорится на стеклянную ладно сейчас определимся тогда подумаем ладно спасибо",
        "channel":"Клиент"
    },
    {
        "start":42.36,
        "end":44.56,
        "text":" что",
        "channel":"Клиент"
    }
]