[
    {
        "start":0.0,
        "end":3.24,
        "text":" Да, Сергей, это вас насквозь беспокоит.",
        "channel":"Менеджер"
    },
    {
        "start":3.7,
        "end":5.06,
        "text":" Смотрите, по поводу ситечка.",
        "channel":"Менеджер"
    },
    {
        "start":5.12,
        "end":6.7,
        "text":" Ну, в теории его снять можно.",
        "channel":"Менеджер"
    },
    {
        "start":6.98,
        "end":9.4,
        "text":" Единственное, что просто там будет торчать палка,",
        "channel":"Менеджер"
    },
    {
        "start":9.62,
        "end":11.5,
        "text":" в которой он крепится, потому что там болтик.",
        "channel":"Менеджер"
    },
    {
        "start":11.78,
        "end":13.62,
        "text":" Или же будет в крышке дырка.",
        "channel":"Менеджер"
    },
    {
        "start":14.36,
        "end":15.82,
        "text":" А так в теории снять можно.",
        "channel":"Менеджер"
    },
    {
        "start":18.6,
        "end":19.12,
        "text":" Да.",
        "channel":"Менеджер"
    },
    {
        "start":27.12,
        "end":29.38,
        "text":" Ну, обычно чайники есть, конечно.",
        "channel":"Менеджер"
    },
    {
        "start":30.0,
        "end":35.44,
        "text":" А, я понял.",
        "channel":"Менеджер"
    },
    {
        "start":35.56,
        "end":36.9,
        "text":" Ну, все, что есть на сайте,",
        "channel":"Менеджер"
    },
    {
        "start":37.0,
        "end":38.42,
        "text":" вся информация прямо там.",
        "channel":"Менеджер"
    },
    {
        "start":40.94,
        "end":41.76,
        "text":" До свидания.",
        "channel":"Менеджер"
    }
]