[
    {
        "start":0.0,
        "end":7.68,
        "text":" здравствуйте вы ремонтируете iphone это правильно я правильно попал",
        "channel":"Клиент"
    },
    {
        "start":7.68,
        "end":15.32,
        "text":" 10 плюс iphone уронил из стекло дребезги мануел поменять",
        "channel":"Клиент"
    },
    {
        "start":15.32,
        "end":19.98,
        "text":" слэк",
        "channel":"Клиент"
    },
    {
        "start":30.0,
        "end":38.04,
        "text":" 500 до 7 500 оригинал будет",
        "channel":"Клиент"
    },
    {
        "start":38.04,
        "end":45.42,
        "text":" оригинал сколько стоит",
        "channel":"Клиент"
    },
    {
        "start":45.42,
        "end":49.96,
        "text":" спасибо",
        "channel":"Клиент"
    }
]