[
    {
        "start":0.72,
        "end":3.2,
        "text":" Добрый день, магазин ISK, меня зовут Игнат, чем могу помочь?",
        "channel":"Менеджер"
    },
    {
        "start":7.3,
        "end":10.46,
        "text":" Да, да, да. Как у вас, айфон, что случилось?",
        "channel":"Менеджер"
    },
    {
        "start":16.2,
        "end":18.06,
        "text":" Стекло дисплея или заднее стекло?",
        "channel":"Менеджер"
    },
    {
        "start":21.1,
        "end":25.52,
        "text":" Так, стекло дисплея. Замену стекла дисплея на айфоне XS Max будет стоить 7500.",
        "channel":"Менеджер"
    },
    {
        "start":25.52,
        "end":29.32,
        "text":" По времени ремонт занимает 3-4 часа, можно будет сделать.",
        "channel":"Менеджер"
    },
    {
        "start":30.0,
        "end":38.76,
        "text":" 7500. 7500, да. Это все вместе, работа под ключ.",
        "channel":"Менеджер"
    },
    {
        "start":39.16,
        "end":42.44,
        "text":" Нет, это не оригинальное стекло, но оно ничем не отличается от оригинала.",
        "channel":"Менеджер"
    },
    {
        "start":46.06,
        "end":47.36,
        "text":" Оригиналов не существует.",
        "channel":"Менеджер"
    }
]