[
    {
        "start":0.0,
        "end":11.32,
        "text":" Здравствуйте. Скажите, пожалуйста, 15 Pro Max есть в наличии и сколько стоит?",
        "channel":"Клиент"
    },
    {
        "start":15.84,
        "end":16.94,
        "text":" Синий на 256.",
        "channel":"Клиент"
    },
    {
        "start":23.94,
        "end":28.46,
        "text":" Ага. Так, а расчетчики есть, да, у вас от банка?",
        "channel":"Клиент"
    },
    {
        "start":30.0,
        "end":41.92,
        "text":" Ага. Понятно. Ладно, спасибо большое, всего доброго.",
        "channel":"Клиент"
    }
]