[
    {
        "start":0.0,
        "end":20.34,
        "text":" какой цвет объем памяти вас интересует так синий на 256 в наличии есть на",
        "channel":"Менеджер"
    },
    {
        "start":20.34,
        "end":31.98,
        "text":" мичуре за 120 актуальная цена его 107 900 рассрочки сейчас рассрочка только пока что",
        "channel":"Менеджер"
    },
    {
        "start":31.98,
        "end":43.32,
        "text":" на победе 97 пока что еще только ввели тестируем но кредит есть во всех магазинах да конечно хорошего",
        "channel":"Менеджер"
    }
]